1619049237.3453636,-11238,4421,9281,6038,1952,102,423,94,-17,-41
1619049237.352658,-11238,4401,9293,6034,1947,113,423,109,-9,-57
1619049237.3725312,-11238,4381,9303,6034,1946,142,419,93,0,-60
1619049237.3783638,-11235,4367,9309,6038,1953,145,417,41,9,-56
1619049237.38411,-11233,4362,9309,6046,1953,132,416,-9,19,-36
1619049237.3941338,-11233,4364,9303,6054,1951,103,429,-48,27,-24
1619049237.4125843,-11233,4369,9296,6062,1945,91,415,-54,34,-12
1619049237.4411845,-11232,4375,9291,6068,1941,94,396,-58,31,-6
1619049237.4511578,-11230,4384,9283,6075,1930,100,415,-75,22,5
1619049237.471472,-11229,4399,9275,6079,1931,81,410,-89,12,32
1619049237.5033898,-11232,4413,9267,6077,1943,49,413,-51,10,41
1619049237.512413,-11237,4417,9265,6067,1943,47,424,24,4,37
1619049237.5491195,-11242,4412,9269,6055,1948,83,411,70,0,26
1619049237.5579379,-11245,4406,9274,6047,1941,117,417,65,-3,21
1619049237.5685163,-11248,4404,9276,6039,1945,109,416,36,-3,34
1619049237.591371,-11253,4404,9275,6030,1942,92,435,32,2,43
1619049237.6123114,-11258,4402,9276,6021,1951,98,420,50,7,37
1619049237.6349854,-11264,4393,9278,6014,1948,119,441,65,10,23
1619049237.6515722,-11268,4386,9279,6010,1932,134,432,45,16,21
1619049237.686431,-11270,4383,9278,6009,1949,138,424,9,17,20
1619049237.6954925,-11271,4385,9276,6010,1954,121,406,-19,22,21
1619049237.7183838,-11270,4389,9272,6016,1928,111,412,-48,21,4
1619049237.732448,-11266,4392,9269,6025,1925,135,422,-60,6,-7
1619049237.7488384,-11259,4402,9266,6036,1928,124,420,-91,-9,-4
1619049237.7711577,-11253,4417,9261,6042,1941,70,425,-96,-20,7
1619049237.8012536,-11252,4428,9258,6041,1962,42,436,-38,-19,12
1619049237.8182254,-11252,4426,9263,6036,1957,66,420,35,-14,-6
1619049237.831774,-11252,4418,9268,6034,1941,117,427,41,-8,-18
1619049237.8673832,-11249,4416,9268,6039,1941,131,422,-18,3,-10
1619049237.8769996,-11248,4424,9263,6046,1942,92,431,-64,10,2
1619049237.897269,-11249,4433,9255,6048,1946,58,431,-54,19,19
1619049237.914551,-11253,4434,9251,6045,1940,52,423,9,22,11
1619049237.9428658,-11258,4429,9251,6041,1943,81,420,40,24,4
1619049237.9601572,-11261,4425,9251,6038,1946,88,411,29,27,4
1619049238.0073576,-11265,4424,9248,6036,1943,85,419,10,25,12
1619049238.0171776,-11267,4425,9247,6032,1939,74,409,12,17,19
1619049238.0265415,-11273,4425,9245,6025,1940,69,426,27,14,31
1619049238.0360591,-11278,4422,9246,6015,1943,63,426,52,11,24
1619049238.0578253,-11284,4416,9248,6007,1936,86,427,61,11,22
1619049238.0724833,-11288,4410,9250,6000,1953,99,428,56,10,19
1619049238.0957456,-11292,4404,9251,5995,1947,116,428,43,17,20
1619049238.109674,-11297,4401,9248,5993,1950,113,450,16,28,31
1619049238.1345847,-11304,4401,9241,5990,1950,81,445,6,34,34
1619049238.1543367,-11311,4397,9238,5984,1942,84,427,37,40,32
1619049238.1698837,-11320,4392,9234,5977,1938,78,439,48,42,32
1619049238.2008326,-11329,4387,9227,5974,1944,111,452,24,57,39
1619049238.2178857,-11342,4375,9220,5969,1942,137,469,59,75,46
1619049238.2302306,-11351,4358,9225,5957,1946,79,402,125,46,2
1619049238.2527673,-11349,4341,9239,5952,1908,102,381,105,-4,-48
1619049238.2812362,-11336,4328,9261,5952,1895,144,384,67,-76,-68
1619049238.2913718,-11316,4323,9296,5940,1912,73,291,98,-130,-72
1619049238.3323116,-11282,4333,9328,5946,1869,170,348,-55,-216,-67
1619049238.3428564,-11241,4354,9360,5959,1913,197,418,-131,-285,-64
1619049238.3588223,-11193,4393,9382,5986,1982,127,368,-267,-261,-96
1619049238.3808663,-11152,4452,9365,6044,1972,182,517,-511,-157,-53
1619049238.4000802,-11127,4530,9324,6095,1998,11,524,-570,-74,20
1619049238.419963,-11131,4592,9271,6124,2069,-108,582,-411,45,74
1619049238.4400394,-11159,4607,9219,6138,2065,-63,584,-145,200,52
1619049238.4547348,-11198,4581,9177,6151,2007,60,614,35,266,6
1619049238.4778132,-11243,4532,9162,6127,1927,26,422,308,274,27
1619049238.4984663,-11281,4480,9147,6117,1918,83,422,257,283,-15
1619049238.5171266,-11316,4431,9139,6101,1956,3,403,288,252,-52
1619049238.5463374,-11350,4367,9149,6070,1928,-12,413,426,180,-79
1619049238.5624797,-11382,4290,9170,6032,1908,57,379,509,168,-76
1619049238.5741496,-11398,4224,9205,5995,1837,143,277,455,80,-61
1619049238.5979571,-11402,4193,9229,5973,1856,114,338,240,12,-32
1619049238.620319,-11409,4190,9237,5947,1980,45,442,128,-24,61
1619049238.634621,-11415,4175,9258,5914,1879,111,395,211,-52,68
1619049238.6580563,-11415,4166,9277,5892,1892,157,440,135,-86,56
1619049238.6864133,-11415,4159,9294,5870,1973,174,457,122,-80,73
1619049238.6960747,-11413,4150,9303,5864,1945,192,453,57,-33,24
1619049238.7180502,-11411,4135,9312,5865,1903,185,441,64,-10,-26
1619049238.7413735,-11412,4115,9319,5867,1952,201,472,75,9,-35
1619049238.7547815,-11409,4106,9322,5873,1932,185,463,11,1,-26
1619049238.7790277,-11401,4108,9323,5886,1909,149,406,-68,1,-47
1619049238.8004422,-11395,4113,9323,5895,1953,101,438,-53,-3,-40
1619049238.8176222,-11394,4109,9321,5903,1949,151,466,-20,18,-31
1619049238.8383954,-11388,4113,9315,5919,1913,201,433,-97,24,-11
1619049238.8607576,-11381,4134,9302,5941,1914,125,440,-188,23,-13
1619049238.8789926,-11373,4153,9292,5957,1926,92,435,-150,3,-19
1619049238.8931925,-11370,4160,9290,5963,1957,95,457,-58,-8,-17
1619049238.9186287,-11366,4165,9290,5965,1920,126,419,-30,-3,1
1619049238.9349349,-11361,4181,9283,5975,1906,117,449,-118,-10,12
1619049238.9556034,-11358,4199,9277,5979,1933,75,449,-95,-13,19
1619049238.9760103,-11357,4205,9274,5978,1939,71,458,-24,-9,5
1619049238.99299,-11362,4201,9275,5971,1955,105,472,50,-2,16
1619049239.013878,-11364,4196,9279,5965,1933,108,456,48,-6,5
1619049239.0360389,-11366,4189,9283,5959,1927,122,445,56,-4,1
1619049239.052949,-11371,4177,9289,5951,1934,151,437,90,13,15
1619049239.0737214,-11373,4170,9293,5945,1901,144,423,52,8,16
1619049239.095857,-11374,4171,9294,5940,1939,125,447,12,-8,29
1619049239.1129448,-11377,4169,9295,5936,1942,114,474,29,-8,11
1619049239.1336079,-11378,4162,9299,5930,1943,109,446,53,-2,-8
1619049239.1568193,-11380,4150,9305,5926,1941,163,450,70,-1,-7
1619049239.173699,-11377,4150,9305,5931,1920,184,421,-28,12,14
1619049239.193343,-11375,4162,9297,5940,1940,125,458,-98,10,16
1619049239.2157853,-11375,4169,9292,5944,1947,94,458,-48,8,2
1619049239.2332819,-11374,4164,9296,5943,1905,141,431,23,-2,-12
1619049239.2537177,-11371,4166,9296,5947,1922,140,435,-27,-2,-1
1619049239.276326,-11366,4178,9293,5953,1925,116,419,-81,-7,10
1619049239.299637,-11361,4190,9293,5954,1934,92,434,-58,-30,10
1619049239.3136854,-11358,4195,9294,5953,1964,118,449,-16,-25,16
1619049239.343798,-11357,4198,9292,5956,1935,151,457,-33,-3,18
1619049239.3584836,-11355,4208,9286,5962,1912,115,454,-73,-1,14
1619049239.3743033,-11357,4212,9284,5959,1936,85,450,-2,1,17
1619049239.3957736,-11360,4212,9284,5954,1932,110,442,19,4,27
1619049239.4188902,-11362,4220,9278,5954,1950,120,448,-44,17,42
1619049239.4329247,-11365,4228,9271,5953,1943,108,460,-38,14,44
1619049239.4557235,-11366,4232,9268,5953,1930,100,441,-20,6,19
1619049239.4782357,-11368,4231,9269,5949,1940,109,440,20,10,12
1619049239.4924295,-11371,4228,9267,5948,1932,137,454,9,20,22
1619049239.5208106,-11371,4237,9261,5951,1928,112,454,-56,7,33
1619049239.5385127,-11371,4245,9256,5951,1935,90,455,-38,0,22
1619049239.5525877,-11372,4242,9260,5948,1940,123,440,24,-5,10
1619049239.5780752,-11371,4241,9260,5949,1935,147,455,-6,6,11
1619049239.5998924,-11372,4251,9253,5952,1939,109,448,-65,16,37
1619049239.619275,-11372,4266,9243,5955,1939,48,454,-80,12,21
1619049239.6363206,-11375,4263,9242,5953,1942,76,472,20,7,-5
1619049239.6589742,-11377,4253,9247,5949,1930,152,433,60,12,7
1619049239.672738,-11376,4256,9244,5955,1899,144,429,-45,17,15
1619049239.696307,-11372,4269,9237,5962,1926,84,448,-95,1,9
1619049239.7184684,-11370,4276,9237,5962,1965,58,447,-22,-11,-1
1619049239.732905,-11370,4272,9239,5960,1933,108,447,22,-1,-5
1619049239.7559092,-11369,4276,9237,5963,1925,121,432,-37,12,17
1619049239.7781556,-11368,4286,9230,5968,1934,85,449,-66,10,13
1619049239.7953503,-11368,4286,9230,5968,1934,79,456,-14,5,9
1619049239.8158073,-11368,4286,9231,5968,1936,100,441,10,-1,3
1619049239.8390539,-11368,4290,9228,5970,1948,95,459,-26,6,6
1619049239.8554022,-11368,4296,9224,5971,1924,83,451,-33,3,16
1619049239.8836288,-11369,4302,9221,5970,1938,60,459,-19,-4,12
1619049239.8982081,-11371,4299,9221,5968,1945,97,478,19,-2,8
1619049239.9155798,-11371,4295,9224,5967,1925,139,427,18,9,11
1619049239.9440024,-11373,4299,9217,5971,1936,95,470,-42,20,14
1619049239.958525,-11375,4304,9212,5971,1921,68,479,-19,5,15
1619049239.9754229,-11378,4303,9213,5964,1925,68,441,29,3,18
1619049239.9956937,-11378,4303,9213,5964,1930,84,444,11,-8,12
1619049240.0187318,-11380,4300,9215,5959,1957,105,460,30,-4,17
1619049240.0358238,-11380,4296,9217,5958,1933,137,447,20,7,12
1619049240.058427,-11380,4298,9214,5962,1935,104,461,-30,9,3
1619049240.0785508,-11380,4298,9214,5962,1933,69,438,-3,1,-1
1619049240.0965474,-11380,4299,9215,5962,1943,83,446,14,0,-2
1619049240.1159081,-11379,4298,9215,5962,1931,126,458,-7,11,11
1619049240.1384282,-11377,4306,9210,5969,1931,115,427,-68,21,17
1619049240.1630194,-11375,4314,9205,5975,1919,94,432,-70,17,7
1619049240.1758096,-11371,4325,9200,5983,1942,91,421,-84,13,7
1619049240.2062387,-11367,4342,9191,5992,1924,70,428,-118,16,16
1619049240.220786,-11365,4364,9176,6001,1926,55,429,-145,36,35
1619049240.235701,-11371,4388,9150,6013,1940,59,462,-170,88,68
1619049240.2610993,-11375,4411,9132,6015,1900,84,480,-128,27,107
1619049240.281034,-11372,4439,9127,6008,1886,44,456,-102,-59,104
1619049240.295611,-11362,4467,9134,5996,1920,38,400,-70,-107,93
1619049240.320828,-11355,4486,9136,5993,1982,44,468,-71,-78,48
1619049240.341242,-11356,4501,9122,6001,1997,29,489,-104,30,23
1619049240.3556085,-11364,4514,9097,6014,1947,43,551,-131,68,38
1619049240.3782074,-11375,4524,9086,6001,1907,1,470,1,24,98
1619049240.4124022,-11382,4526,9086,5986,1916,30,438,52,7,69
1619049240.422264,-11384,4536,9084,5979,1938,59,467,-22,-18,77
1619049240.4398592,-11390,4554,9065,5980,1973,29,524,-102,27,90
1619049240.461982,-11414,4562,9036,5973,1983,59,538,-32,132,162
1619049240.5007436,-11439,4559,9011,5965,1929,102,477,9,168,154
1619049240.510423,-11452,4560,8994,5966,1887,102,394,-29,147,95
1619049240.521836,-11445,4579,8979,5987,1883,87,444,-188,43,22
1619049240.551552,-11436,4607,8963,6008,1948,14,507,-222,3,5
1619049240.5616105,-11438,4629,8942,6017,1961,-57,544,-144,26,34
1619049240.5814238,-11450,4638,8926,6011,1929,-57,513,-22,61,63
1619049240.5949733,-11460,4638,8921,6000,1906,-24,441,42,54,57
1619049240.6210692,-11460,4633,8932,5988,1910,35,366,71,12,28
1619049240.6407187,-11443,4637,8952,5986,1899,75,338,-2,-68,-11
1619049240.65484,-11411,4651,8978,5997,1893,85,351,-96,-154,-65
1619049240.6788545,-11369,4676,9006,6016,1903,64,424,-175,-242,-106
1619049240.701203,-11324,4703,9032,6041,1932,38,489,-201,-275,-138
1619049240.7186468,-11287,4723,9051,6066,1964,4,543,-173,-240,-154
1619049240.73829,-11260,4733,9066,6088,1984,10,547,-117,-178,-145
1619049240.7614906,-11240,4736,9075,6108,1977,21,508,-83,-108,-129
1619049240.7796767,-11226,4738,9078,6128,1960,29,480,-86,-46,-108
1619049240.799004,-11218,4745,9070,6148,1950,35,476,-120,0,-58
1619049240.8214011,-11215,4759,9054,6168,1956,11,468,-149,42,-31
1619049240.8379543,-11214,4770,9038,6184,1956,-4,440,-124,65,-23
1619049240.859565,-11214,4777,9025,6198,1941,-9,426,-94,65,-34
1619049240.880454,-11211,4781,9018,6209,1927,-3,402,-65,50,-49
1619049240.9057412,-11206,4783,9018,6218,1933,13,401,-41,17,-53
1619049240.9179745,-11201,4787,9017,6224,1936,21,412,-40,4,-29
1619049240.940559,-11202,4800,9009,6224,1953,-17,450,-61,6,29
1619049240.9603639,-11205,4810,9003,6219,1959,-32,447,-25,4,33
1619049240.9783106,-11211,4806,9007,6207,1929,-8,440,77,-8,19
1619049241.0090327,-11212,4797,9020,6192,1921,31,405,108,-32,7
1619049241.035036,-11209,4791,9034,6181,1935,42,400,80,-52,-3
1619049241.0446181,-11204,4788,9047,6174,1936,56,419,45,-59,1
1619049241.060031,-11200,4791,9053,6170,1963,44,455,8,-61,10
1619049241.0777595,-11197,4794,9057,6168,1962,35,454,-2,-41,10
1619049241.1008205,-11198,4792,9059,6164,1959,31,460,25,-22,1
1619049241.120354,-11199,4783,9064,6162,1954,56,444,48,-8,-14
1619049241.1511683,-11198,4774,9071,6162,1941,67,420,42,-3,-23
1619049241.1600823,-11196,4769,9073,6165,1942,66,415,7,9,-21
1619049241.180589,-11195,4770,9070,6172,1946,54,438,-32,18,-12
1619049241.2041907,-11194,4773,9065,6178,1943,33,429,-45,20,-15
1619049241.2207396,-11190,4777,9063,6185,1935,34,410,-43,12,-20
1619049241.2409213,-11185,4779,9065,6189,1933,40,397,-31,-7,-24
1619049241.2629476,-11176,4784,9069,6196,1943,54,395,-44,-22,-28
1619049241.2774572,-11166,4791,9072,6204,1944,46,414,-62,-36,-32
1619049241.3015175,-11159,4799,9073,6210,1957,22,451,-58,-44,-24
1619049241.3310926,-11153,4804,9075,6213,1962,26,437,-33,-35,-21
1619049241.3398428,-11149,4808,9076,6216,1974,23,431,-24,-20,-22
1619049241.3611515,-11144,4810,9078,6219,1948,30,402,-24,-10,-26
1619049241.383168,-11141,4813,9078,6223,1927,31,423,-26,-11,-22
1619049241.4007394,-11137,4816,9079,6226,1933,20,431,-27,-21,-23
1619049241.4208715,-11138,4817,9078,6226,1946,8,431,-2,-11,-13
1619049241.4438617,-11143,4813,9076,6223,1955,20,462,33,5,2
1619049241.4656732,-11148,4808,9077,6216,1953,23,428,51,15,9
1619049241.480821,-11153,4801,9078,6212,1945,55,420,45,21,9
1619049241.503225,-11156,4801,9075,6210,1942,48,411,7,25,19
1619049241.520781,-11159,4804,9071,6208,1940,30,411,-9,22,27
1619049241.5493093,-11164,4807,9069,6200,1945,13,418,18,12,37
1619049241.5632648,-11172,4802,9068,6191,1959,23,445,63,17,32
1619049241.5778527,-11179,4793,9071,6181,1954,52,424,79,20,25
1619049241.6014333,-11184,4784,9075,6174,1948,50,404,71,18,12
1619049241.6236787,-11186,4777,9078,6170,1941,66,404,44,17,3
1619049241.64794,-11187,4773,9081,6168,1943,58,413,26,3,2
1619049241.660865,-11188,4768,9083,6165,1938,45,436,32,-3,-2
1619049241.6830938,-11190,4760,9088,6161,1961,45,425,59,0,-8
1619049241.7005188,-11192,4751,9094,6157,1961,61,421,58,2,-11
1619049241.7217014,-11191,4741,9099,6157,1961,72,422,41,7,-25
1619049241.751469,-11189,4737,9101,6163,1942,84,412,-8,11,-25
1619049241.7613075,-11184,4741,9098,6172,1941,63,418,-55,7,-17
1619049241.7821047,-11183,4748,9092,6178,1951,23,439,-62,10,-9
1619049241.804628,-11183,4750,9088,6181,1947,13,439,-22,10,-15
1619049241.8378782,-11185,4746,9088,6181,1951,27,436,22,10,-20
1619049241.8479412,-11187,4738,9090,6181,1940,51,438,36,15,-22
1619049241.870647,-11189,4734,9089,6182,1945,54,426,13,23,-5
1619049241.8803408,-11195,4722,9088,6180,1933,80,457,55,30,-3
1619049241.9011853,-11202,4687,9113,6159,1945,101,397,258,-13,-30
1619049241.9394643,-11197,4655,9161,6122,1891,21,268,332,-112,-65
1619049241.9495432,-11164,4655,9201,6121,1875,157,308,22,-209,-76
1619049241.9713063,-11128,4677,9222,6137,1932,130,396,-155,-216,-66
1619049241.983186,-11098,4696,9235,6158,1977,129,486,-168,-194,-74
1619049242.0179105,-11071,4723,9242,6176,1999,80,453,-186,-168,-49
1619049242.0275402,-11052,4760,9224,6208,1988,24,509,-303,-80,-39
1619049242.0431654,-11053,4778,9201,6226,2035,-2,499,-161,37,-7
1619049242.0689778,-11062,4757,9205,6221,1983,33,383,118,62,-58
1619049242.0803516,-11054,4721,9232,6223,1890,170,259,162,19,-131
1619049242.1035917,-11039,4718,9226,6260,1952,148,438,-149,19,-141
1619049242.1267345,-11045,4711,9208,6280,2079,26,504,-55,95,-89
1619049242.1420016,-11058,4691,9206,6277,1969,-17,466,111,56,-78
1619049242.1634529,-11063,4676,9204,6281,1911,47,396,53,69,-72
1619049242.186186,-11082,4664,9189,6279,2010,-32,445,65,125,-32
1619049242.2031264,-11124,4619,9176,6257,2018,14,509,290,207,10
1619049242.2312908,-11149,4579,9182,6233,1850,91,346,277,135,9
1619049242.2486541,-11169,4554,9179,6220,1879,93,337,159,151,23
1619049242.2630017,-11195,4530,9179,6191,2006,58,400,225,114,71
1619049242.283672,-11210,4493,9191,6173,1919,180,376,232,83,12
1619049242.3057108,-11217,4476,9198,6163,1861,171,371,112,42,29
1619049242.3203595,-11220,4467,9205,6152,1914,143,392,78,7,38
1619049242.3456135,-11220,4460,9213,6146,1981,140,400,60,-4,7
1619049242.3663454,-11218,4451,9221,6143,1916,126,407,51,-8,-21
1619049242.3798738,-11217,4447,9225,6142,1918,139,424,20,-11,2
1619049242.4032505,-11214,4448,9227,6143,1956,150,407,-16,-1,19
1619049242.4258492,-11212,4458,9219,6152,1955,128,469,-91,0,20
1619049242.4457693,-11211,4470,9209,6161,1940,97,444,-96,19,16
1619049242.4613612,-11211,4476,9201,6168,1944,88,429,-60,31,-6
1619049242.4860346,-11212,4481,9195,6172,1940,84,410,-45,37,8
1619049242.4999783,-11210,4494,9187,6178,1905,71,424,-82,12,14
1619049242.5389462,-11211,4506,9181,6177,1966,56,414,-51,12,31
1619049242.5490701,-11213,4510,9177,6176,1938,87,438,-19,15,28
1619049242.5598118,-11215,4516,9172,6175,1936,74,413,-26,21,23
1619049242.5837512,-11215,4517,9172,6174,1923,62,421,15,3,15
1619049242.6079082,-11218,4512,9176,6167,1946,84,457,55,-13,13
1619049242.623162,-11222,4505,9179,6160,1949,139,434,55,9,31
1619049242.643392,-11221,4512,9175,6162,1920,111,426,-46,6,32
1619049242.6664472,-11221,4520,9173,6159,1960,52,445,-21,-14,20
1619049242.6829653,-11227,4511,9177,6150,1965,73,438,79,12,5
1619049242.713374,-11229,4498,9183,6146,1915,157,417,68,14,6
1619049242.7261999,-11229,4501,9179,6149,1925,132,398,-34,31,31
1619049242.7560527,-11228,4513,9176,6149,1931,82,424,-56,-8,36
1619049242.7707214,-11216,4518,9185,6151,1926,112,399,-31,-62,-19
1619049242.7864249,-11202,4515,9200,6158,1957,131,444,-4,-88,-68
1619049242.8086052,-11190,4505,9213,6168,1921,158,458,9,-71,-82
1619049242.8232203,-11180,4512,9213,6180,1952,110,461,-81,-44,-38
1619049242.8456914,-11176,4528,9203,6190,1988,68,466,-116,-8,6
1619049242.8628101,-11177,4546,9186,6201,1950,67,470,-137,24,28
1619049242.8857741,-11181,4558,9171,6207,1954,77,451,-86,50,40
1619049242.906714,-11188,4566,9157,6211,1916,85,445,-63,58,44
1619049242.9230797,-11191,4577,9145,6213,1934,71,408,-70,49,44
1619049242.950953,-11198,4588,9134,6210,1946,12,423,-36,44,44
1619049242.9659162,-11206,4592,9128,6199,1957,25,412,24,40,56
1619049242.9834156,-11212,4595,9128,6187,1927,47,392,35,18,49
1619049243.003537,-11214,4596,9132,6177,1936,57,404,41,-8,29
1619049243.0259292,-11213,4586,9147,6165,1939,88,397,104,-38,0
1619049243.0429137,-11208,4571,9165,6157,1927,132,416,104,-56,-29
1619049243.0635922,-11200,4561,9179,6157,1924,145,440,45,-65,-33
1619049243.0861573,-11196,4558,9185,6159,1942,125,481,8,-51,-14
1619049243.109226,-11193,4561,9185,6163,1959,105,476,-30,-34,-1
1619049243.123288,-11192,4565,9179,6170,1966,88,463,-53,7,-3
1619049243.1457663,-11194,4566,9172,6176,1970,85,456,-32,34,-3
1619049243.1837533,-11197,4566,9164,6183,1937,112,434,-43,49,5
1619049243.1958036,-11199,4575,9150,6193,1940,83,443,-92,52,19
1619049243.213297,-11201,4588,9137,6200,1953,42,419,-89,50,19
1619049243.2283242,-11203,4596,9130,6201,1925,35,405,-44,38,12
1619049243.2453976,-11205,4596,9130,6197,1931,47,410,21,14,5
1619049243.26592,-11205,4593,9135,6191,1940,69,409,39,-8,3
1619049243.2881746,-11204,4593,9140,6186,1925,94,412,21,-12,17
1619049243.302703,-11202,4599,9140,6184,1951,69,431,-18,-21,24
1619049243.326045,-11203,4600,9140,6183,1968,52,447,9,-11,13
1619049243.3651931,-11204,4594,9145,6178,1949,73,448,51,-17,-2
1619049243.375108,-11207,4588,9148,6173,1948,72,447,51,-5,-3
1619049243.3934526,-11212,4583,9146,6169,1948,95,448,30,22,22
1619049243.4081912,-11214,4588,9140,6172,1927,95,443,-37,21,30
1619049243.4224665,-11216,4591,9135,6173,1938,68,447,-25,21,14
1619049243.4455771,-11221,4585,9134,6169,1933,65,452,40,15,5
1619049243.469424,-11224,4579,9135,6167,1940,82,433,34,17,-3
1619049243.4827871,-11223,4579,9136,6167,1951,94,417,-2,8,5
1619049243.5056617,-11223,4579,9136,6167,1945,72,426,-6,7,6
1619049243.5279284,-11223,4579,9136,6167,1926,80,429,2,14,5
1619049243.5427232,-11222,4581,9135,6169,1932,85,429,-18,7,6
1619049243.5658288,-11222,4582,9135,6169,1940,47,436,-16,-9,5
1619049243.5911736,-11222,4582,9135,6169,1953,76,460,10,-5,1
1619049243.596342,-11223,4584,9132,6171,1942,94,439,-23,14,14
1619049243.6180897,-11224,4588,9125,6176,1935,75,455,-44,20,11
1619049243.6349404,-11227,4590,9120,6176,1939,56,449,-13,24,13
1619049243.651948,-11229,4590,9116,6177,1937,69,432,-10,27,6
1619049243.6757746,-11231,4594,9110,6179,1935,61,445,-27,25,10
1619049243.689344,-11235,4597,9105,6177,1947,55,436,-9,29,26
1619049243.7119439,-11238,4600,9102,6176,1915,77,421,-14,25,29
1619049243.735446,-11239,4605,9099,6174,1934,72,429,-21,8,31
1619049243.7494147,-11237,4613,9097,6174,1945,79,437,-38,-8,35
1619049243.7823915,-11235,4621,9093,6177,1952,76,436,-59,2,19
1619049243.7954779,-11231,4630,9090,6183,1927,64,440,-66,-8,0
1619049243.8128502,-11228,4633,9088,6188,1925,69,458,-36,-9,-7
1619049243.8318808,-11226,4637,9087,6192,1944,80,450,-35,-5,2
1619049243.8566263,-11221,4648,9079,6203,1920,67,454,-101,0,-1
1619049243.8798964,-11217,4661,9072,6211,1944,43,433,-94,10,2
1619049243.8920105,-11214,4665,9069,6217,1935,61,417,-47,17,-11
1619049243.915693,-11211,4675,9063,6225,1929,57,414,-83,20,1
1619049243.929451,-11205,4694,9053,6235,1922,39,416,-133,14,15
1619049243.9519713,-11203,4721,9038,6241,1928,-22,428,-148,11,35
1619049243.975539,-11205,4742,9023,6244,1956,-10,443,-112,30,51
1619049243.989417,-11210,4751,9012,6243,1920,69,443,-50,37,71
1619049244.0118353,-11207,4768,9007,6243,1905,71,397,-87,0,70
1619049244.035827,-11196,4808,8993,6252,1934,27,437,-226,-50,88
1619049244.0548537,-11194,4839,8980,6250,1949,-14,511,-138,-61,96
1619049244.0720515,-11198,4851,8982,6230,1941,-29,462,34,-61,90
1619049244.1119485,-11203,4846,8990,6213,1930,42,441,90,-35,55
1619049244.1214106,-11198,4851,8995,6212,1949,52,442,-17,-42,13
1619049244.1316211,-11194,4863,8991,6216,1978,32,501,-73,-47,29
1619049244.1589992,-11208,4858,8987,6201,1999,66,452,71,45,98
1619049244.182848,-11216,4867,8970,6203,1922,19,491,-63,45,66
1619049244.2017503,-11225,4878,8947,6211,1962,13,533,-97,67,63
1619049244.2153475,-11246,4874,8925,6208,1984,-9,525,10,119,73
1619049244.2295556,-11278,4860,8903,6194,1946,-8,488,106,176,105
1619049244.2523923,-11300,4847,8891,6180,1915,35,411,98,145,95
1619049244.2765548,-11310,4843,8892,6163,1903,-4,325,87,78,71
1619049244.2948775,-11301,4847,8907,6154,1902,0,295,26,-19,5
1619049244.3174875,-11281,4853,8934,6149,1897,2,317,20,-118,-52
1619049244.3355057,-11251,4857,8972,6144,1914,24,356,25,-211,-86
1619049244.3492353,-11216,4864,9012,6145,1936,52,412,-11,-263,-101
1619049244.3726451,-11180,4873,9047,6152,1942,65,453,-49,-268,-107
1619049244.395176,-11145,4880,9077,6164,1971,73,480,-64,-249,-121
1619049244.4148521,-11113,4879,9105,6181,1980,81,498,-47,-220,-156
1619049244.4347317,-11081,4870,9134,6204,1976,120,461,-40,-184,-193
1619049244.455449,-11049,4865,9153,6237,1972,132,459,-106,-133,-189
1619049244.4782374,-11022,4875,9153,6277,1975,92,446,-211,-68,-161
1619049244.5004892,-10999,4894,9142,6317,1982,43,428,-256,-19,-128
1619049244.5153036,-10986,4915,9122,6354,1984,27,441,-260,32,-90
1619049244.5294814,-10978,4940,9094,6388,1982,-4,424,-261,76,-53
1619049244.5573783,-10976,4960,9067,6415,1960,-17,420,-217,90,-36
1619049244.57593,-10978,4972,9046,6430,1941,-27,408,-126,81,-23
1619049244.589577,-10983,4981,9035,6433,1939,-30,372,-49,64,0
1619049244.611929,-10991,4984,9027,6427,1960,-39,381,11,56,13
1619049244.6361642,-11002,4978,9025,6415,1941,-21,392,78,45,19
1619049244.660273,-11011,4970,9030,6398,1942,3,367,115,26,27
1619049244.6719928,-11019,4962,9037,6381,1941,47,375,109,5,48
1619049244.711502,-11024,4962,9042,6365,1951,50,371,65,-11,64
1619049244.7209942,-11028,4967,9047,6348,1949,9,391,60,-33,64
1619049244.732051,-11034,4963,9056,6327,1941,23,408,105,-46,55
1619049244.757662,-11040,4954,9068,6307,1958,52,416,135,-47,48
1619049244.7723525,-11044,4941,9082,6289,1969,76,395,135,-37,33
1619049244.8014205,-11048,4928,9093,6276,1968,101,412,112,-23,31
1619049244.8159096,-11051,4920,9099,6269,1956,100,404,64,-7,27
1619049244.8496556,-11052,4914,9101,6268,1963,93,397,25,8,17
1619049244.8592906,-11052,4914,9102,6268,1952,89,413,7,12,6
1619049244.875765,-11052,4911,9100,6273,1958,75,403,-13,19,-7
1619049244.8977377,-11049,4909,9098,6282,1960,76,399,-34,22,-23
1619049244.9174473,-11046,4909,9094,6293,1942,64,410,-50,23,-30
1619049244.943661,-11042,4912,9090,6304,1956,67,399,-66,23,-25
1619049244.9579356,-11037,4918,9084,6316,1960,44,384,-80,24,-30
1619049244.971843,-11032,4924,9080,6328,1953,34,389,-73,19,-36
1619049244.9949586,-11027,4928,9077,6337,1944,34,386,-60,9,-36
1619049245.0185003,-11022,4933,9075,6345,1933,25,396,-54,-2,-34
1619049245.0324798,-11017,4937,9075,6349,1941,23,392,-35,-8,-27
1619049245.0559647,-11014,4940,9077,6350,1960,24,397,-16,-13,-19
1619049245.0798762,-11014,4941,9076,6350,1959,14,412,2,-16,-13
1619049245.0924203,-11014,4940,9078,6348,1958,32,413,16,-12,-6
1619049245.1154962,-11015,4939,9080,6344,1950,32,404,22,-7,4
1619049245.1380353,-11018,4938,9081,6339,1949,41,418,24,-8,14
1619049245.1519291,-11021,4938,9080,6335,1954,41,414,20,1,19
1619049245.176023,-11025,4936,9080,6330,1951,49,405,28,9,21
1619049245.2194114,-11028,4933,9080,6326,1955,56,403,25,12,19
1619049245.229814,-11032,4931,9079,6323,1950,57,409,20,16,20
1619049245.23931,-11035,4930,9077,6321,1946,60,402,9,15,22
1619049245.25997,-11038,4929,9077,6318,1944,56,401,16,12,20
1619049245.27197,-11038,4927,9079,6315,1945,60,383,19,1,13
1619049245.294861,-11038,4927,9080,6315,1959,64,383,2,-7,3
1619049245.3180518,-11035,4929,9080,6318,1947,71,403,-24,-9,2
1619049245.3321273,-11031,4935,9080,6321,1946,53,401,-42,-13,1
1619049245.3598514,-11026,4941,9080,6325,1939,54,398,-41,-20,-1
1619049245.377429,-11022,4945,9080,6327,1961,41,414,-30,-25,-4
1619049245.4068744,-11018,4950,9081,6329,1951,39,413,-30,-28,-8
1619049245.4162815,-11014,4955,9083,6330,1951,40,403,-25,-27,0
1619049245.4378006,-11010,4961,9083,6331,1956,37,400,-29,-23,0
1619049245.4520195,-11008,4965,9084,6332,1954,32,398,-23,-15,-3
1619049245.4828749,-11006,4968,9083,6334,1972,36,410,-17,-7,-3
1619049245.4978616,-11006,4968,9083,6333,1964,44,396,-15,4,-5
1619049245.5120456,-11007,4971,9080,6334,1953,25,405,-18,7,4
1619049245.5401683,-11007,4971,9080,6334,1959,30,403,-16,12,15
1619049245.5582962,-11009,4973,9076,6333,1950,28,394,-9,16,13
1619049245.5829103,-11009,4974,9076,6333,1946,26,390,3,10,10
1619049245.5950434,-11009,4973,9077,6333,1939,54,389,-4,6,7
1619049245.6271207,-11008,4976,9076,6334,1957,47,388,-19,2,7
1619049245.6432009,-11007,4980,9075,6334,1948,34,383,-18,1,6
1619049245.655585,-11007,4980,9075,6334,1953,24,399,-5,-7,-2
1619049245.6785593,-11006,4978,9078,6333,1953,42,394,16,-11,-7
1619049245.6949794,-11004,4976,9082,6332,1951,56,400,18,-13,-7
1619049245.724503,-11004,4975,9082,6332,1956,54,414,4,-8,0
1619049245.737836,-11004,4977,9080,6335,1971,48,405,-20,8,1
1619049245.7603507,-11005,4979,9075,6337,1961,41,402,-24,20,9
1619049245.7753615,-11007,4981,9070,6340,1955,50,397,-25,27,10
1619049245.798065,-11009,4983,9064,6343,1955,43,406,-29,30,13
1619049245.8285105,-11013,4986,9056,6346,1960,31,418,-32,35,19
1619049245.8378127,-11020,4986,9048,6346,1959,36,423,-3,44,27
1619049245.8614492,-11028,4976,9050,6336,1940,55,415,83,21,29
1619049245.8755238,-11034,4945,9080,6306,1945,47,319,283,-37,-21
1619049245.8936713,-11024,4925,9117,6286,1898,40,249,198,-87,-70
1619049245.913746,-10995,4926,9150,6289,1877,266,265,-20,-153,-10
1619049245.9360745,-10947,4976,9171,6302,1905,92,255,-269,-258,-10
1619049245.952949,-10877,5050,9204,6316,1855,128,201,-380,-403,19
1619049245.97326,-10804,5157,9197,6367,1968,96,381,-702,-366,28
1619049245.998351,-10760,5285,9126,6437,2124,-118,685,-908,-204,94
1619049246.0130162,-10780,5345,9048,6463,2199,-243,784,-411,51,141
1619049246.0579166,-10832,5308,9017,6451,2066,-129,573,215,236,21
1619049246.0680778,-10872,5247,8986,6476,1962,196,502,132,354,-38
1619049246.077718,-10914,5206,8942,6499,1965,100,414,51,419,5
1619049246.0992146,-10953,5184,8900,6510,1943,-69,317,34,394,6
1619049246.1163642,-10985,5159,8861,6529,1986,-49,369,12,371,-46
1619049246.1408417,-11028,5115,8835,6526,1963,-150,460,215,316,-73
1619049246.1531703,-11078,5043,8854,6470,1898,-126,293,585,219,-3
1619049246.1782892,-11111,4974,8880,6431,1873,15,279,495,174,-41
1619049246.1929603,-11136,4932,8898,6396,1912,-54,343,356,94,-15
1619049246.2139382,-11162,4887,8925,6349,1917,-28,374,426,38,23
1619049246.2383199,-11185,4846,8954,6299,1924,51,393,406,-8,74
1619049246.2533305,-11200,4820,8979,6256,1916,74,388,300,-31,98
1619049246.273745,-11214,4799,8998,6219,1918,63,478,251,-65,94
1619049246.2956886,-11228,4781,9014,6185,1969,46,490,232,-57,88
1619049246.3136845,-11246,4749,9031,6151,1963,103,470,284,-10,76
1619049246.3334448,-11261,4728,9034,6137,1930,191,492,132,32,100
1619049246.3669763,-11265,4738,9023,6137,1948,122,432,-64,43,107
1619049246.37651,-11275,4738,9008,6140,1974,87,463,-35,92,65
1619049246.394213,-11282,4725,9004,6144,1920,99,440,34,79,0
1619049246.4169893,-11289,4714,8996,6151,1949,44,451,15,93,-24
1619049246.4337003,-11295,4704,8990,6157,1921,88,426,5,88,-7
1619049246.4532652,-11288,4723,8977,6175,1934,51,409,-169,47,6
1619049246.4761128,-11284,4740,8963,6189,1926,11,435,-144,40,6
1619049246.5063174,-11277,4748,8962,6196,1909,16,410,-63,7,-26
1619049246.520818,-11270,4750,8966,6202,1941,32,446,-31,-28,-36
1619049246.543337,-11261,4755,8968,6211,1925,39,461,-57,-27,-39
1619049246.558001,-11251,4768,8967,6221,1913,-7,458,-95,-43,-39
1619049246.6003,-11248,4768,8971,6221,1960,-5,482,6,-35,-34
1619049246.6102233,-11245,4761,8979,6221,1903,56,452,38,-25,-29
1619049246.6196802,-11241,4766,8980,6221,1955,5,465,-21,-29,-12
1619049246.6526673,-11243,4765,8981,6216,1960,9,483,27,-14,6
1619049246.6623256,-11245,4761,8985,6212,1922,29,436,41,0,-1
1619049246.6732771,-11247,4755,8990,6205,1930,29,437,58,-4,2
1619049246.6984565,-11249,4749,8995,6198,1943,49,440,54,-3,8
1619049246.718475,-11250,4743,9000,6194,1942,71,459,42,-9,15
1619049246.7331011,-11251,4743,9001,6190,1953,54,447,17,-3,21
1619049246.7533565,-11251,4741,9005,6186,1918,16,444,29,-13,-5
1619049246.7756906,-11254,4728,9015,6176,1939,53,435,102,-10,-3
1619049246.80078,-11253,4722,9022,6172,1944,99,430,41,-10,15
1619049246.8134577,-11250,4728,9021,6176,1936,72,446,-46,-10,14
1619049246.8363912,-11249,4728,9021,6176,1961,35,435,-12,-10,5
1619049246.8594162,-11248,4720,9028,6175,1924,75,448,39,-11,-19
1619049246.8759537,-11245,4719,9029,6180,1935,82,448,-20,-7,-4
1619049246.8956382,-11242,4726,9028,6181,1937,33,437,-35,-13,9
1619049246.9264233,-11240,4731,9028,6181,1942,20,443,-20,-11,-5
1619049246.9363492,-11237,4729,9032,6182,1946,49,441,5,-12,-18
1619049246.956088,-11237,4729,9032,6183,1952,56,436,-10,-3,-14
1619049246.9788136,-11235,4730,9031,6188,1934,53,454,-29,1,-11
1619049246.9934018,-11233,4737,9027,6191,1927,23,444,-48,1,5
1619049247.031355,-11233,4738,9026,6190,1964,7,457,-7,-6,2
1619049247.0549328,-11234,4734,9028,6189,1939,50,445,21,5,-2
1619049247.0645864,-11235,4732,9027,6191,1923,81,439,-4,16,11
1619049247.0754797,-11234,4737,9024,6192,1936,37,437,-27,5,13
1619049247.0984402,-11236,4740,9023,6189,1959,22,448,-6,2,17
1619049247.1129456,-11236,4740,9026,6184,1951,20,435,26,-11,3
1619049247.1542232,-11236,4734,9030,6182,1940,72,439,30,-3,0
1619049247.1662068,-11235,4733,9029,6186,1934,93,438,-17,14,10
1619049247.1754158,-11235,4739,9023,6191,1933,54,467,-56,7,14
1619049247.2009757,-11236,4742,9020,6192,1956,18,469,-17,2,3
1619049247.2262874,-11239,4737,9019,6190,1940,48,457,29,19,3
1619049247.2379963,-11240,4734,9016,6195,1918,80,439,-15,32,7
1619049247.2557786,-11240,4745,9008,6199,1941,35,446,-70,18,24
1619049247.2792437,-11239,4753,9005,6200,1938,18,437,-44,3,14
1619049247.292346,-11239,4753,9005,6200,1939,29,452,9,1,6
1619049247.316079,-11239,4753,9005,6200,1934,49,450,0,0,5
1619049247.3406057,-11238,4757,9003,6201,1930,40,439,-23,3,13
1619049247.3555865,-11237,4760,9002,6202,1935,37,462,-18,-12,9
1619049247.3756607,-11237,4760,9002,6201,1960,36,449,13,-15,1
1619049247.3987045,-11237,4758,9005,6199,1943,44,439,20,-2,2
1619049247.4216583,-11239,4759,9002,6199,1915,45,459,-9,9,17
1619049247.441636,-11238,4765,8998,6200,1947,30,446,-37,3,18
1619049247.4589632,-11238,4766,8998,6200,1949,23,448,4,-1,1
1619049247.4756255,-11239,4761,9001,6199,1950,67,444,20,7,6
1619049247.495907,-11238,4764,8999,6202,1937,64,448,-28,6,12
1619049247.5265062,-11236,4772,8995,6205,1922,16,437,-51,1,8
1619049247.5361116,-11238,4772,8994,6202,1943,6,451,16,5,1
1619049247.5663683,-11238,4766,8999,6201,1931,64,433,31,0,-5
1619049247.5784404,-11234,4768,8999,6204,1929,79,432,-29,-2,8
1619049247.5956433,-11232,4777,8996,6206,1951,21,438,-50,-1,16
1619049247.617201,-11232,4781,8992,6208,1952,17,473,-30,-3,2
1619049247.6388853,-11232,4781,8992,6209,1936,38,458,-5,1,-1
1619049247.6555731,-11232,4781,8993,6209,1935,42,445,-5,11,5
1619049247.6759517,-11232,4788,8987,6212,1946,23,456,-49,11,13
1619049247.6995144,-11234,4795,8980,6212,1956,7,459,-35,18,29
1619049247.726307,-11237,4800,8974,6211,1928,32,441,-27,26,34
1619049247.7436225,-11240,4805,8967,6212,1926,39,435,-34,34,34
1619049247.75925,-11242,4811,8961,6213,1942,34,416,-35,40,38
1619049247.7808108,-11243,4823,8951,6217,1922,33,395,-85,53,44
1619049247.803386,-11243,4855,8929,6224,1916,-33,422,-182,43,81
1619049247.8185604,-11244,4889,8909,6225,1912,-61,427,-168,24,100
1619049247.8417408,-11245,4916,8895,6220,1937,-38,453,-111,-3,104
1619049247.8557034,-11243,4951,8880,6218,1939,-57,473,-158,-36,105
1619049247.8867762,-11241,4984,8872,6208,1929,-44,448,-112,-63,133
1619049247.9007483,-11244,5003,8865,6195,1957,0,424,-47,-10,139
1619049247.9153767,-11255,5010,8858,6179,1950,-11,478,23,7,122
1619049247.93896,-11257,5002,8873,6161,1913,49,418,112,-48,61
1619049247.9626305,-11248,4997,8888,6160,1937,50,474,30,-94,-19
1619049247.985827,-11244,5003,8878,6176,2024,24,603,-111,-28,-6
1619049247.9990063,-11259,5012,8843,6192,2025,-42,649,-127,94,43
1619049248.0377543,-11296,5007,8795,6197,1973,-54,665,-31,217,116
1619049248.0480883,-11339,4985,8764,6181,1916,-15,500,133,253,150
1619049248.0761006,-11368,4967,8749,6162,1874,-1,336,140,227,123
1619049248.0942287,-11373,4958,8746,6165,1887,79,293,16,150,42
1619049248.1038249,-11359,4966,8751,6177,1882,68,283,-93,43,-13
1619049248.121157,-11325,4991,8764,6201,1883,31,312,-209,-79,-78
1619049248.1412916,-11280,5018,8788,6226,1879,-26,373,-205,-197,-151
1619049248.1584563,-11228,5038,8828,6248,1915,-30,409,-143,-291,-212
1619049248.1827686,-11173,5056,8870,6272,1951,1,446,-148,-325,-220
1619049248.2086792,-11117,5081,8906,6301,1967,-4,444,-202,-317,-214
1619049248.2239983,-11061,5112,8935,6334,1946,-4,436,-253,-300,-208
1619049248.2385068,-11003,5143,8963,6369,1932,8,437,-268,-308,-213
1619049248.2687905,-10949,5172,8988,6405,1948,11,471,-258,-300,-207
1619049248.279469,-10906,5204,9000,6435,1980,-48,469,-254,-238,-166
1619049248.298586,-10878,5224,9005,6458,2019,-73,497,-176,-160,-143
1619049248.3222542,-10865,5227,9006,6477,2020,-39,479,-86,-62,-125
1619049248.355156,-10858,5229,9000,6496,1995,-3,415,-88,17,-85
1619049248.3649778,-10856,5235,8984,6517,1967,-1,412,-124,65,-52
1619049248.3810825,-10856,5243,8968,6532,1951,-20,394,-104,68,-25
1619049248.404375,-10862,5251,8953,6535,1947,-56,371,-55,72,11
1619049248.4183989,-10875,5250,8943,6528,1960,-63,390,33,68,22
1619049248.4414485,-10889,5236,8944,6516,1971,-35,390,121,56,0
1619049248.4579504,-10902,5217,8949,6502,1956,14,372,149,51,9
1619049248.4874487,-10911,5205,8951,6492,1957,30,369,93,47,27
1619049248.5014942,-10919,5204,8947,6486,1951,38,384,26,40,56
1619049248.5314271,-10924,5211,8942,6479,1950,18,376,-7,21,68
1619049248.546011,-10928,5218,8940,6468,1933,2,378,10,-8,66
1619049248.5606053,-10932,5220,8946,6453,1948,-13,379,61,-28,49
1619049248.586348,-10935,5212,8959,6436,1957,8,381,115,-45,19
1619049248.5986626,-10934,5200,8975,6424,1961,55,382,107,-51,1
1619049248.6219423,-10931,5195,8986,6419,1964,68,384,44,-42,6
1619049248.6401923,-10927,5198,8988,6422,1953,58,399,-21,-28,8
1619049248.666244,-10923,5201,8987,6425,1959,27,412,-34,-18,-2
1619049248.6809976,-10924,5201,8987,6425,1963,19,410,-12,-15,-11
1619049248.6984448,-10922,5199,8988,6429,1969,28,395,-5,-2,-19
1619049248.728697,-10919,5197,8987,6436,1963,43,396,-26,11,-20
1619049248.746816,-10917,5199,8983,6445,1955,40,392,-52,22,-15
1619049248.7631335,-10915,5206,8973,6455,1967,22,393,-85,34,-1
1619049248.7793732,-10912,5217,8961,6467,1957,-6,389,-105,37,-7
1619049248.803018,-10912,5224,8952,6475,1941,-7,400,-70,30,-7
1619049248.8309033,-10912,5229,8947,6478,1952,-19,390,-34,15,-1
1619049248.8397064,-10912,5230,8947,6477,1962,-22,365,-11,10,-6
1619049248.8681388,-10912,5231,8948,6477,1957,2,378,7,6,1
1619049248.8832223,-10911,5231,8948,6476,1957,2,380,-7,-2,13
1619049248.9009278,-10911,5231,8948,6476,1946,-5,384,-10,-1,14
1619049248.920661,-10913,5235,8947,6471,1950,-17,383,6,-4,16
1619049248.9602194,-10915,5233,8950,6466,1960,-2,392,32,-6,10
1619049248.9693196,-10917,5229,8953,6460,1963,11,392,45,-5,4
1619049248.981067,-10921,5224,8954,6457,1962,23,407,34,7,10
1619049249.0109806,-10923,5223,8953,6455,1964,26,397,10,14,19
1619049249.022276,-10926,5223,8951,6453,1961,16,393,4,14,18
1619049249.040765,-10930,5220,8949,6451,1960,16,410,20,15,16
1619049249.0630925,-10933,5218,8952,6444,1955,4,369,41,8,18
1619049249.1023517,-10936,5215,8956,6437,1946,8,377,48,-3,15
1619049249.1117206,-10937,5209,8960,6433,1942,38,382,38,1,7
1619049249.1242743,-10937,5209,8960,6434,1969,41,410,-7,8,6
1619049249.140638,-10937,5208,8956,6440,1969,43,414,-27,23,-3
1619049249.160612,-10936,5207,8952,6448,1961,44,396,-38,28,-8
1619049249.190937,-10932,5212,8947,6458,1947,37,375,-69,30,-10
1619049249.200271,-10928,5224,8938,6468,1936,8,376,-101,21,3
1619049249.2205122,-10923,5240,8930,6474,1945,-27,371,-105,4,12
1619049249.2437668,-10921,5253,8923,6476,1953,-43,397,-64,-3,13
1619049249.2615547,-10921,5258,8922,6474,1960,-23,396,-17,-8,11
1619049249.2809377,-10921,5259,8922,6474,1958,0,393,6,-10,4
1619049249.3036432,-10921,5259,8922,6474,1958,1,381,5,-12,-1
1619049249.3282957,-10921,5259,8922,6473,1952,-1,396,0,-12,1
1619049249.3409057,-10921,5259,8922,6473,1966,-9,400,2,-12,4
1619049249.3629274,-10923,5257,8923,6470,1964,-3,413,26,-6,5
1619049249.3808455,-10925,5252,8925,6468,1959,17,404,28,3,0
1619049249.4007185,-10924,5252,8926,6468,1961,29,386,10,7,-4
1619049249.430753,-10923,5252,8925,6471,1961,28,393,-18,9,-1
1619049249.440541,-10921,5257,8921,6475,1959,9,385,-41,12,3
1619049249.4680068,-10921,5261,8917,6478,1947,-5,406,-34,8,3
1619049249.4831707,-10921,5261,8917,6478,1945,-15,404,-4,7,10
1619049249.517766,-10921,5262,8917,6478,1951,-6,407,0,8,1
1619049249.5271595,-10921,5262,8917,6477,1953,-2,394,5,9,0
1619049249.5428636,-10921,5262,8917,6477,1966,9,390,3,9,5
1619049249.5681033,-10921,5262,8917,6477,1951,8,392,-1,11,7
1619049249.58071,-10923,5264,8914,6477,1950,7,393,-14,16,20
1619049249.6031268,-10926,5266,8911,6474,1947,-14,412,4,5,19
1619049249.6210577,-10929,5260,8920,6461,1958,-28,375,90,-19,5
1619049249.6408968,-10934,5244,8934,6446,1952,17,407,144,-33,-2
1619049249.6628733,-10940,5206,8968,6419,1953,77,306,304,-29,-24
1619049249.6860895,-10931,5181,9002,6408,1946,110,287,175,-65,-69
1619049249.7029827,-10905,5191,9018,6421,1905,74,338,-96,-120,-68
1619049249.723367,-10871,5210,9041,6431,1949,-5,386,-111,-218,-109
1619049249.7455869,-10843,5211,9081,6423,1960,0,350,62,-245,-116
1619049249.7604163,-10815,5208,9109,6431,1999,114,350,-9,-164,-107
1619049249.7909765,-10787,5218,9119,6455,2008,73,417,-144,-133,-119
1619049249.813961,-10771,5217,9122,6481,2015,59,465,-98,-68,-134
1619049249.8475688,-10764,5206,9114,6511,2018,28,444,-84,42,-158
1619049249.8573086,-10763,5204,9086,6555,2006,56,499,-191,117,-120
1619049249.8845422,-10776,5201,9048,6587,2003,52,405,-153,233,-31
1619049249.8944044,-10793,5226,8989,6619,1984,-80,436,-279,244,33
1619049249.9037225,-10825,5237,8931,6638,1998,-106,468,-151,291,61
1619049249.9331787,-10872,5205,8899,6629,1989,-111,440,174,308,20
1619049249.942945,-10918,5154,8895,6599,1930,-35,358,356,248,28
1619049249.963143,-10963,5097,8905,6555,1880,-14,333,452,196,46
1619049249.9886165,-10989,5056,8926,6514,1909,-2,248,373,111,31
1619049250.0035818,-11011,5019,8947,6476,1937,22,371,341,39,33
1619049250.0230207,-11036,4981,8967,6435,1969,-6,386,361,41,33
1619049250.047169,-11054,4944,8996,6392,1891,104,357,357,-18,69
1619049250.0708296,-11066,4919,9020,6358,1896,116,409,259,-55,79
1619049250.0837145,-11074,4907,9033,6334,2014,110,453,155,-45,83
1619049250.1135411,-11087,4883,9042,6317,1986,98,501,182,-8,31
1619049250.123204,-11098,4851,9054,6304,1928,135,422,190,33,0
1619049250.1447093,-11108,4830,9056,6301,1917,155,456,100,49,22
1619049250.1662812,-11113,4832,9047,6304,1953,62,412,-32,57,24
1619049250.1803887,-11123,4830,9033,6307,1961,52,445,-15,89,27
1619049250.2115011,-11133,4821,9024,6309,1961,118,410,16,104,42
1619049250.226372,-11131,4834,9011,6322,1899,115,368,-133,73,39
1619049250.2505734,-11126,4846,9001,6336,1905,50,398,-116,37,-5
1619049250.2690117,-11122,4846,9004,6338,1963,48,402,-12,1,-23
1619049250.2870991,-11113,4844,9010,6346,1921,51,408,-19,-17,-64
1619049250.3030524,-11107,4846,9016,6347,1919,1,404,-2,-31,-49
1619049250.3253658,-11102,4848,9023,6345,1971,40,434,4,-47,-14
1619049250.3460598,-11091,4855,9026,6353,1937,89,430,-64,-47,-21
1619049250.3631806,-11085,4858,9030,6356,1945,61,438,-25,-38,-15
1619049250.3834856,-11083,4860,9031,6358,1951,63,446,-18,-19,-6
1619049250.3885648,-11078,4869,9029,6362,1946,5,431,-51,-22,-18
1619049250.4233046,-11082,4863,9032,6355,1973,8,455,65,-9,-13
1619049250.4439392,-11087,4848,9037,6351,1947,115,439,78,16,4
1619049250.4667797,-11086,4851,9032,6358,1926,103,419,-51,27,14
1619049250.4831684,-11087,4862,9023,6361,1951,24,441,-70,14,22
1619049250.503445,-11090,4861,9023,6355,1963,18,439,31,3,10
1619049250.5271327,-11094,4855,9026,6350,1934,57,418,52,9,7
1619049250.54401,-11095,4857,9023,6351,1938,80,419,-20,19,22
1619049250.5497892,-11096,4859,9018,6354,1942,63,430,-27,22,16
1619049250.5781546,-11098,4861,9015,6354,1943,66,443,-13,11,21
1619049250.5948675,-11096,4865,9014,6355,1927,59,395,-23,7,9
1619049250.6116416,-11095,4871,9013,6353,1943,9,427,-17,-10,5
1619049250.630121,-11095,4870,9016,6349,1954,54,427,20,-9,9
1619049250.6549418,-11095,4869,9016,6350,1932,67,428,-3,4,14
1619049250.671298,-11096,4873,9013,6349,1952,55,415,-20,17,23
1619049250.6898103,-11095,4878,9011,6351,1922,42,422,-27,-1,8
1619049250.7150314,-11098,4875,9013,6346,1966,28,445,38,-8,1
1619049250.739621,-11099,4868,9017,6342,1946,61,425,44,2,0
1619049250.7486675,-11100,4871,9014,6343,1934,62,421,-20,17,19
1619049250.7689428,-11102,4877,9009,6343,1960,45,431,-30,15,31
1619049250.8071992,-11105,4881,9004,6342,1938,31,439,-17,13,23
1619049250.81652,-11111,4882,8997,6339,1961,58,453,-1,32,47
1619049250.8296018,-11116,4886,8989,6340,1923,67,431,-32,43,49
1619049250.858585,-11122,4893,8979,6339,1937,13,435,-36,39,37
1619049250.8681276,-11128,4891,8977,6332,1965,13,433,37,22,26
1619049250.8949378,-11133,4888,8977,6325,1946,33,429,44,21,28
1619049250.9116106,-11139,4887,8974,6320,1951,49,430,16,30,41
1619049250.9269857,-11141,4889,8969,6321,1939,51,422,-19,33,27
1619049250.949567,-11141,4890,8969,6320,1917,30,414,10,8,15
1619049250.9789135,-11141,4887,8975,6315,1931,30,415,36,-15,1
1619049250.9924529,-11141,4883,8979,6312,1959,60,439,31,-9,6
1619049251.0091655,-11138,4886,8979,6315,1928,79,435,-34,-7,14
1619049251.0388865,-11133,4893,8978,6320,1946,34,430,-50,-13,-8
1619049251.0482006,-11132,4890,8981,6319,1969,20,454,24,-15,-20
1619049251.0694664,-11132,4884,8983,6320,1933,70,434,16,9,-8
1619049251.0921159,-11131,4891,8976,6328,1921,50,437,-69,19,6
1619049251.1066618,-11132,4897,8969,6332,1957,7,450,-48,20,6
1619049251.134983,-11132,4897,8969,6332,1939,30,433,15,9,-3
1619049251.1513896,-11131,4897,8969,6332,1925,57,425,9,7,-6
1619049251.166424,-11130,4901,8967,6334,1935,38,430,-29,8,7
1619049251.1891024,-11129,4907,8963,6336,1943,27,439,-40,2,10
1619049251.2193646,-11129,4908,8963,6336,1945,1,429,-8,0,3
1619049251.228503,-11130,4904,8967,6333,1935,23,440,33,-11,-9
1619049251.2489798,-11129,4901,8971,6331,1933,50,421,23,-3,-3
1619049251.295597,-11129,4900,8971,6331,1935,63,433,0,1,6
1619049251.3048568,-11127,4904,8970,6332,1947,44,427,-23,-2,10
1619049251.3256068,-11127,4904,8970,6332,1949,27,453,-15,-3,-3
1619049251.3350525,-11128,4904,8970,6332,1957,37,464,14,0,3
1619049251.3502657,-11128,4900,8972,6331,1936,54,436,22,3,0
1619049251.3701735,-11128,4901,8968,6336,1949,54,442,-29,20,5
1619049251.3950584,-11126,4908,8965,6338,1933,13,408,-43,7,3
1619049251.415477,-11124,4911,8965,6339,1934,24,431,-19,-7,-5
1619049251.4347749,-11124,4911,8965,6339,1956,47,430,-9,-3,2
1619049251.455373,-11120,4918,8963,6344,1928,51,410,-55,1,10
1619049251.472821,-11117,4931,8956,6349,1940,41,431,-90,6,29
1619049251.4992707,-11113,4946,8947,6358,1923,48,430,-109,7,29
1619049251.5200036,-11105,4965,8941,6365,1914,43,411,-125,-17,33
1619049251.5572276,-11100,4988,8928,6374,1971,-2,470,-146,-14,31
1619049251.5675879,-11104,5006,8910,6378,1978,-10,446,-110,46,61
1619049251.5775516,-11109,5027,8890,6380,1897,-37,440,-112,45,79
1619049251.597704,-11103,5061,8888,6368,1870,-65,365,-102,-75,99
1619049251.6095352,-11098,5082,8897,6347,1964,-94,401,5,-113,63
1619049251.6376586,-11097,5091,8903,6333,2011,-20,491,22,-91,60
1619049251.6553478,-11111,5081,8898,6323,2011,69,494,73,39,85
1619049251.6893818,-11126,5083,8880,6320,1930,54,459,-18,88,115
1619049251.6991682,-11130,5092,8876,6313,1883,66,341,-25,43,106
1619049251.7156138,-11120,5111,8872,6319,1920,23,414,-123,-36,40
1619049251.7464306,-11118,5126,8861,6327,2015,7,554,-110,-42,38
1619049251.7559245,-11128,5112,8867,6312,1992,-5,448,128,16,30
1619049251.7754517,-11128,5101,8877,6306,1875,35,399,76,-19,-2
1619049251.7898526,-11113,5109,8884,6317,1924,75,379,-87,-41,-16
1619049251.8262827,-11099,5139,8868,6340,2001,-21,497,-243,-37,-6
1619049251.8429418,-11100,5150,8847,6358,2011,-11,519,-139,57,6
1619049251.8522348,-11113,5149,8821,6372,1967,2,489,-76,144,25
1619049251.8805194,-11119,5156,8798,6387,1899,26,452,-118,105,42
1619049251.898027,-11118,5174,8782,6396,1921,-75,383,-123,71,14
1619049251.9201534,-11116,5193,8762,6412,1941,-75,415,-160,74,1
1619049251.932128,-11118,5202,8748,6422,1929,-53,421,-88,72,2
1619049251.957686,-11117,5209,8742,6426,1929,-38,390,-56,45,6
1619049251.969473,-11107,5222,8742,6433,1921,-1,357,-88,2,3
1619049252.0009685,-11083,5243,8751,6444,1905,18,313,-143,-64,-26
1619049252.0165396,-11046,5273,8766,6462,1901,27,343,-206,-155,-60
1619049252.030051,-10998,5310,8790,6482,1918,15,362,-238,-250,-95
1619049252.0520115,-10948,5343,8818,6500,1936,-26,412,-206,-296,-134
1619049252.0763757,-10900,5370,8850,6516,1964,-28,443,-163,-313,-154
1619049252.0928228,-10858,5387,8878,6533,1973,-37,475,-128,-288,-173
1619049252.1176724,-10822,5395,8903,6553,1985,-8,479,-98,-230,-180
1619049252.1440134,-10791,5404,8918,6575,1994,29,455,-127,-167,-139
1619049252.1578999,-10764,5425,8915,6606,1995,52,442,-233,-93,-82
1619049252.1719131,-10748,5457,8893,6636,1985,-37,450,-287,-26,-31
1619049252.2035403,-10746,5484,8866,6654,1969,-104,451,-210,30,6
1619049252.2131488,-10757,5495,8844,6656,1982,-120,433,-63,67,28
1619049252.2377257,-10773,5489,8830,6653,1989,-70,410,36,101,19
1619049252.2555137,-10792,5478,8818,6648,1973,-47,389,71,119,29
1619049252.292232,-10808,5467,8809,6643,1962,-17,357,63,121,33
1619049252.302191,-10823,5458,8800,6638,1942,-9,355,52,110,43
1619049252.3153436,-10836,5453,8793,6631,1951,-26,361,51,86,46
1619049252.3347578,-10846,5446,8792,6621,1939,-28,359,75,57,31
1619049252.3519506,-10854,5436,8795,6611,1943,-13,367,92,33,19
1619049252.3760068,-10858,5425,8804,6601,1954,4,363,92,7,5
1619049252.3930526,-10860,5417,8813,6593,1942,9,372,75,-8,6
1619049252.4155385,-10861,5415,8819,6586,1953,-1,384,43,-21,14
1619049252.4355228,-10860,5415,8825,6580,1960,-2,394,29,-32,13
1619049252.45232,-10858,5414,8832,6574,1952,-13,402,33,-43,2
1619049252.4806864,-10855,5411,8842,6568,1956,-5,384,47,-42,-11
1619049252.4961116,-10852,5404,8852,6566,1962,18,408,42,-43,-24
1619049252.520131,-10847,5400,8861,6565,1948,18,391,24,-39,-26
1619049252.5326066,-10844,5398,8864,6567,1976,13,417,5,-23,-15
1619049252.5601895,-10844,5398,8864,6567,1973,7,415,-14,-3,-9
1619049252.5785944,-10845,5396,8860,6572,1968,9,415,-20,21,-7
1619049252.592517,-10846,5397,8854,6579,1949,9,396,-35,34,-5
1619049252.6159775,-10847,5401,8845,6587,1946,-2,410,-58,34,3
1619049252.6378694,-10846,5407,8836,6593,1948,-13,386,-63,34,7
1619049252.6628394,-10848,5414,8828,6596,1940,-34,385,-49,34,11
1619049252.676048,-10849,5418,8822,6597,1960,-37,381,-27,27,8
1619049252.6984677,-10849,5420,8820,6599,1955,-15,378,-14,21,1
1619049252.7128007,-10848,5422,8819,6600,1950,-6,375,-18,13,1
1619049252.749731,-10848,5422,8819,6600,1949,-12,379,-15,-4,-10
1619049252.7600777,-10844,5424,8824,6600,1944,-15,367,-5,-19,-15
1619049252.771789,-10839,5426,8830,6598,1944,-37,391,6,-43,-27
1619049252.8029141,-10836,5425,8839,6592,1950,-39,398,41,-50,-23
1619049252.8241549,-10834,5419,8851,6584,1962,-16,390,69,-50,-22
1619049252.847655,-10832,5412,8862,6578,1967,5,388,63,-41,-19
1619049252.857578,-10828,5407,8871,6576,1956,12,386,37,-33,-24
1619049252.873926,-10824,5403,8878,6576,1948,24,395,17,-34,-18
1619049252.8984885,-10822,5402,8881,6578,1977,15,408,0,-23,-14
1619049252.9112196,-10822,5402,8881,6578,1979,3,400,-11,-5,-4
1619049252.9355986,-10822,5402,8880,6578,1980,-2,409,-16,14,5
1619049252.9508727,-10823,5404,8876,6580,1960,1,380,-21,22,14
1619049252.9710798,-10825,5408,8871,6581,1942,-3,369,-24,31,19
1619049252.9937613,-10829,5412,8864,6581,1951,-23,383,-26,31,22
1619049253.0108478,-10833,5414,8859,6580,1962,-24,387,-3,28,19
1619049253.0311956,-10838,5411,8857,6576,1960,-19,390,24,24,13
1619049253.053601,-10842,5408,8857,6571,1952,-16,385,39,14,9
1619049253.0780306,-10847,5401,8861,6563,1948,-34,367,70,11,1
1619049253.0913177,-10851,5389,8871,6552,1954,-15,369,109,-2,-14
1619049253.1136358,-10854,5373,8884,6544,1944,12,372,114,-12,-29
1619049253.1303995,-10854,5358,8896,6540,1954,37,394,90,-20,-31
1619049253.1510875,-10851,5349,8906,6539,1960,44,383,50,-19,-23
1619049253.1742687,-10850,5343,8910,6539,1957,21,399,26,-12,-21
1619049253.1983035,-10850,5337,8914,6540,1969,18,406,26,-8,-24
1619049253.212064,-10848,5332,8917,6542,1953,26,394,12,-2,-24
1619049253.2334707,-10848,5332,8917,6543,1959,16,398,-13,10,-10
1619049253.2581635,-10852,5333,8910,6545,1962,-13,409,-18,27,4
1619049253.2709363,-10858,5332,8905,6543,1962,-29,393,14,38,8
1619049253.2944038,-10865,5320,8907,6539,1954,24,376,69,42,-1
1619049253.3105028,-10869,5305,8911,6536,1960,56,339,75,55,-6
1619049253.338676,-10869,5305,8910,6540,1946,15,386,-17,14,-11
1619049253.3534136,-10868,5305,8910,6540,1942,31,400,-4,-9,15
1619049253.3708782,-10871,5296,8923,6526,1961,-31,351,110,-22,-15
1619049253.3985493,-10861,5294,8945,6513,1913,-16,328,82,-103,-33
1619049253.4142954,-10847,5299,8963,6507,1924,23,339,14,-111,-22
1619049253.4387336,-10840,5306,8963,6514,2002,14,433,-59,-48,-18
1619049253.4588962,-10841,5308,8949,6529,2023,17,505,-84,16,-22
1619049253.47415,-10850,5301,8934,6541,1993,12,497,-28,65,-23
1619049253.495872,-10866,5283,8923,6545,1973,-9,430,60,123,-27
1619049253.5110064,-10878,5254,8925,6544,1958,24,327,136,131,-59
1619049253.5409658,-10882,5226,8942,6538,1920,58,280,166,63,-64
1619049253.5557137,-10875,5208,8971,6523,1887,30,239,161,-42,-64
1619049253.5786147,-10859,5215,8990,6518,1923,13,307,0,-104,-43
1619049253.5934062,-10846,5226,9001,6517,1986,-3,379,-31,-101,-26
1619049253.6170907,-10841,5224,9013,6509,1985,18,444,53,-99,-17
1619049253.6348665,-10839,5206,9040,6489,1945,68,398,181,-115,-18
1619049253.6528199,-10831,5189,9068,6478,1967,114,363,134,-105,-41
1619049253.6814938,-10818,5176,9088,6481,1983,154,368,50,-75,-56
1619049253.6909077,-10805,5175,9100,6487,1951,73,385,-17,-87,-59
1619049253.7295804,-10799,5175,9092,6509,2009,66,467,-94,1,-75
1619049253.7432828,-10804,5153,9076,6539,2062,80,529,-43,105,-125
1619049253.7593207,-10826,5125,9060,6549,1977,15,522,84,133,-72
1619049253.7736819,-10852,5104,9038,6551,1963,-14,425,73,194,-15
1619049253.7964237,-10891,5085,9003,6549,2031,-18,477,74,263,60
1619049253.826293,-10940,5059,8960,6548,2047,-55,494,105,337,48
1619049253.8359053,-10999,5018,8924,6529,1964,-5,424,234,381,111
1619049253.8655612,-11051,4971,8913,6492,1884,23,285,353,320,122
1619049253.8776193,-11085,4937,8906,6469,1867,90,296,233,241,94
1619049253.9095612,-11110,4921,8901,6447,1933,41,341,157,155,99
1619049253.9186854,-11130,4903,8908,6417,1913,79,363,204,70,115
1619049253.9338088,-11132,4892,8925,6396,1861,151,316,132,-5,81
1619049253.953224,-11122,4899,8942,6385,1892,67,365,18,-92,28
1619049253.9758244,-11111,4905,8958,6377,1955,9,471,24,-134,-22
1619049253.992963,-11106,4886,8984,6364,1924,50,477,159,-115,-60
1619049254.0206153,-11101,4859,9010,6357,1843,139,458,157,-92,-60
1619049254.0359826,-11091,4859,9024,6353,1893,102,452,24,-107,-3
1619049254.0528874,-11085,4871,9029,6348,1980,50,478,-33,-96,35
1619049254.0899444,-11084,4877,9028,6347,1985,84,492,-27,-43,38
1619049254.1010363,-11085,4881,9020,6353,1953,128,496,-58,3,53
1619049254.113369,-11083,4895,9012,6358,1937,105,417,-98,9,61
1619049254.1355684,-11080,4913,8999,6367,1977,59,430,-130,15,43
1619049254.155488,-11079,4926,8989,6372,2007,23,426,-86,27,31
1619049254.1737201,-11082,4927,8984,6374,1959,48,423,-18,39,14
1619049254.1931765,-11081,4932,8979,6378,1933,55,374,-47,39,10
1619049254.2187138,-11075,4940,8978,6384,1954,46,364,-65,18,-4
1619049254.2343493,-11072,4948,8977,6386,1946,21,409,-39,-9,2
1619049254.252776,-11068,4953,8979,6385,1955,2,420,-16,-27,-10
1619049254.2834494,-11066,4959,8981,6381,1946,19,411,-6,-21,15
1619049254.2929385,-11063,4964,8982,6381,1903,77,399,-30,-12,33
1619049254.3130848,-11055,4983,8978,6386,1929,46,413,-110,-40,31
1619049254.336122,-11053,5001,8969,6388,2002,-13,462,-92,-18,35
1619049254.353363,-11055,5002,8966,6388,1938,60,459,-13,-4,27
1619049254.3722758,-11052,5014,8958,6396,1938,57,412,-97,16,28
1619049254.3962848,-11051,5024,8946,6406,1968,19,456,-93,26,7
1619049254.4129083,-11053,5030,8937,6410,1973,-23,442,-47,30,-3
1619049254.4339354,-11057,5025,8934,6411,1950,-9,437,23,34,-23
1619049254.464237,-11063,5016,8932,6410,1923,19,423,41,46,-13
1619049254.4784074,-11071,5009,8927,6409,1939,11,437,34,54,-2
1619049254.512679,-11077,5003,8928,6402,1936,24,411,55,31,17
1619049254.5246155,-11081,4998,8931,6394,1961,18,414,57,11,16
1619049254.542313,-11087,4988,8936,6386,1937,58,427,78,14,20
1619049254.5546772,-11091,4981,8936,6384,1934,87,438,30,22,32
1619049254.5788045,-11095,4982,8930,6385,1936,53,452,-18,24,29
1619049254.599788,-11099,4982,8925,6386,1941,26,459,-5,26,12
1619049254.6144402,-11103,4973,8926,6383,1935,36,435,52,24,-3
1619049254.6386006,-11103,4967,8928,6385,1929,73,424,15,16,-4
1619049254.6594036,-11100,4969,8927,6390,1935,48,428,-37,3,-10
1619049254.6754754,-11098,4973,8925,6393,1944,18,429,-28,7,-8
1619049254.6966264,-11095,4975,8925,6397,1927,24,429,-23,0,-14
1619049254.721087,-11090,4978,8928,6401,1946,48,421,-31,-16,-14
1619049254.7413702,-11085,4984,8927,6404,1965,18,434,-41,-17,-8
1619049254.756554,-11083,4986,8926,6407,1959,41,439,-26,4,-1
1619049254.7809587,-11080,4993,8924,6411,1949,28,431,-49,-5,2
1619049254.8034759,-11077,4999,8921,6414,1937,26,450,-43,-16,4
1619049254.823796,-11076,5002,8919,6417,1951,38,448,-26,3,3
1619049254.8392344,-11076,5004,8916,6420,1932,30,448,-27,7,1
1619049254.8543909,-11074,5009,8915,6421,1923,18,421,-27,-8,3
1619049254.8771422,-11074,5009,8915,6421,1955,24,446,-14,-16,-6
1619049254.8997917,-11073,5009,8915,6421,1945,39,430,-12,-4,0
1619049254.913883,-11071,5014,8913,6424,1923,35,421,-36,3,7
1619049254.936328,-11068,5024,8910,6427,1938,9,429,-59,-11,12
1619049254.9598596,-11067,5030,8909,6425,1955,-11,446,-18,-17,4
1619049254.9824615,-11067,5030,8909,6425,1937,33,436,13,-15,6
1619049254.9978843,-11067,5031,8906,6427,1940,43,447,-18,7,13
1619049255.0193357,-11067,5039,8902,6428,1935,3,428,-41,1,18
1619049255.0353441,-11066,5042,8905,6422,1941,-12,429,15,-26,5
1619049255.0562475,-11067,5035,8914,6414,1978,16,436,72,-27,-7
1619049255.079319,-11067,5028,8921,6411,1948,56,423,48,-8,-5
1619049255.1017845,-11066,5027,8921,6411,1931,69,424,-14,13,5
1619049255.1316173,-11064,5031,8921,6413,1948,38,418,-28,-2,7
1619049255.1425571,-11062,5033,8924,6411,1952,-15,421,6,-19,-14
1619049255.1622138,-11061,5025,8930,6409,1950,33,439,44,-13,-27
1619049255.1766844,-11061,5025,8931,6410,1957,65,415,6,9,-9
1619049255.2063155,-11054,5031,8931,6417,1920,44,399,-60,-8,-13
1619049255.218066,-11046,5038,8934,6420,1954,6,404,-39,-28,-24
1619049255.236928,-11042,5036,8938,6422,1968,35,440,6,-26,-25
1619049255.258939,-11036,5037,8942,6427,1923,77,403,-31,-19,-10
1619049255.2816916,-11028,5051,8939,6434,1939,51,413,-101,-21,16
1619049255.2963145,-11020,5066,8937,6438,1967,38,404,-88,-29,21
1619049255.3187463,-11015,5076,8935,6442,1961,23,427,-59,-25,8
1619049255.340656,-11012,5084,8929,6449,1977,52,438,-77,4,17
1619049255.3556118,-11011,5097,8912,6464,1952,66,436,-137,54,33
1619049255.3781717,-11011,5120,8883,6484,1940,21,452,-215,79,47
1619049255.4012313,-11010,5141,8861,6500,1922,0,424,-177,63,29
1619049255.4172843,-11009,5153,8846,6513,1958,-16,420,-114,63,0
1619049255.438762,-11007,5162,8831,6530,1945,3,424,-125,66,-24
1619049255.4630888,-11005,5172,8815,6547,1933,-9,428,-123,69,-21
1619049255.4835155,-11003,5185,8799,6561,1937,-42,436,-127,56,-16
1619049255.4981587,-11002,5201,8784,6570,1952,-36,430,-116,39,16
1619049255.5288699,-11000,5213,8777,6573,1921,-36,407,-71,18,8
1619049255.539122,-10993,5230,8772,6578,1897,-27,432,-96,-34,10
1619049255.5588038,-10990,5248,8759,6585,1978,-49,544,-119,-38,18
1619049255.5824993,-11007,5248,8741,6583,2002,-53,595,0,45,50
1619049255.596667,-11046,5221,8721,6565,1961,1,551,180,172,110
1619049255.619735,-11085,5181,8713,6541,1890,115,380,259,236,141
1619049255.640934,-11086,5184,8712,6539,1810,121,325,-23,52,88
1619049255.6597555,-11067,5221,8704,6552,1940,18,394,-232,-50,45
1619049255.678561,-11058,5254,8688,6563,1999,-131,507,-195,-37,8
1619049255.7015457,-11069,5250,8688,6546,1941,-135,524,100,-20,11
1619049255.7203634,-11080,5223,8713,6516,1918,-54,419,268,-37,-4
1619049255.7616732,-11077,5199,8747,6495,1926,34,346,222,-66,-39
1619049255.774384,-11059,5185,8784,6487,1941,72,333,114,-118,-74
1619049255.783934,-11029,5183,8820,6492,1934,88,363,11,-174,-109
1619049255.813538,-10993,5187,8850,6508,1930,80,429,-72,-201,-143
1619049255.8229814,-10958,5194,8872,6533,1929,71,484,-120,-197,-162
1619049255.8355088,-10925,5200,8889,6560,1956,32,499,-128,-171,-183
1619049255.8635337,-10896,5196,8906,6587,1959,26,496,-79,-135,-209
1619049255.8811805,-10870,5189,8920,6616,1951,58,466,-81,-96,-202
1619049255.9033568,-10844,5196,8923,6649,1942,67,430,-165,-62,-155
1619049255.9183986,-10823,5218,8910,6683,1972,35,434,-251,-15,-89
1619049255.9429958,-10813,5248,8883,6712,1975,-24,451,-275,35,-25
1619049255.9665678,-10817,5275,8852,6725,1964,-98,468,-187,57,21
1619049255.9782078,-10833,5283,8834,6717,1970,-120,455,2,66,44
1619049256.0029657,-10855,5266,8837,6692,1955,-77,401,198,62,27
1619049256.0352232,-10876,5233,8854,6660,1941,-12,370,299,47,12
1619049256.0450625,-10894,5199,8876,6628,1952,40,358,304,25,23
1619049256.061168,-10905,5175,8898,6601,1940,74,351,233,-6,34
1619049256.0831234,-10912,5161,8914,6578,1939,84,378,163,-28,54
1619049256.0983145,-10916,5155,8927,6557,1945,72,393,118,-49,68
1619049256.1216042,-10921,5148,8941,6536,1963,58,426,124,-65,59
1619049256.138381,-10924,5137,8959,6516,1964,86,402,144,-64,42
1619049256.1693177,-10922,5127,8976,6503,1954,106,391,103,-59,20
1619049256.1860871,-10916,5122,8989,6498,1965,105,381,42,-54,5
1619049256.2060387,-10908,5123,8996,6500,1972,97,394,-14,-45,-3
1619049256.225979,-10902,5127,8996,6508,1989,84,426,-54,-23,-6
1619049256.2409048,-10898,5133,8989,6520,1984,76,429,-87,8,-9
1619049256.265824,-10894,5139,8981,6533,1975,54,411,-88,25,-20
