1619049024.6742988,-12876,2884,9036,3561,1863,-76,648,17,4,-4
1619049024.6751032,-12876,2884,9036,3561,1867,-69,654,9,5,1
1619049024.7009835,-12876,2884,9036,3561,1860,-68,647,-5,7,5
1619049024.702513,-12876,2888,9034,3561,1867,-84,649,-17,5,7
1619049024.713799,-12876,2888,9034,3561,1865,-84,643,-13,6,4
1619049024.7304964,-12876,2888,9035,3560,1869,-83,640,-4,5,-1
1619049024.7505713,-12876,2888,9035,3561,1872,-73,654,-3,3,-7
1619049024.7730784,-12876,2888,9034,3560,1860,-83,653,-2,1,-7
1619049024.7850535,-12876,2888,9034,3561,1866,-66,653,-11,0,-2
1619049024.8083425,-12875,2892,9034,3562,1874,-94,644,-18,2,-4
1619049024.8229487,-12875,2892,9034,3561,1861,-84,659,-2,3,-11
1619049024.8616292,-12876,2890,9034,3561,1858,-85,650,17,1,-10
1619049024.871249,-12876,2890,9034,3561,1869,-68,646,11,1,-6
1619049024.8928852,-12876,2889,9034,3561,1878,-73,655,-16,9,-1
1619049024.9042323,-12876,2890,9034,3560,1855,-86,656,-12,7,1
1619049024.927507,-12876,2890,9034,3560,1845,-89,650,4,-3,7
1619049024.948364,-12876,2890,9034,3560,1861,-90,646,7,-6,3
1619049024.9736917,-12876,2891,9034,3560,1879,-86,642,14,-8,-2
1619049025.0045824,-12876,2891,9034,3560,1861,-81,643,14,-8,0
1619049025.013557,-12876,2891,9034,3560,1862,-80,649,15,-9,2
1619049025.039888,-12876,2889,9036,3555,1860,-89,657,31,-14,6
1619049025.0491536,-12876,2883,9041,3549,1854,-80,646,48,-22,-5
1619049025.071345,-12874,2876,9047,3545,1847,-76,645,47,-28,-9
1619049025.0840814,-12872,2871,9053,3542,1846,-73,652,39,-37,-14
1619049025.1077428,-12868,2866,9061,3538,1851,-67,642,38,-48,-8
1619049025.1302414,-12863,2863,9071,3533,1878,-62,642,34,-59,-1
1619049025.1440744,-12858,2862,9080,3531,1872,-78,648,18,-59,-13
1619049025.1685343,-12853,2857,9090,3530,1846,-89,647,33,-62,-40
1619049025.1856015,-12847,2848,9101,3530,1823,-78,652,49,-73,-55
1619049025.2046044,-12839,2837,9114,3534,1819,-64,663,41,-90,-78
1619049025.236284,-12828,2826,9130,3542,1832,-61,654,37,-104,-99
1619049025.2820458,-12814,2816,9149,3549,1844,-67,634,28,-113,-106
1619049025.2921755,-12800,2805,9169,3558,1840,-79,629,36,-122,-127
1619049025.3010926,-12785,2786,9193,3564,1836,-65,635,83,-141,-141
1619049025.3170443,-12769,2760,9221,3568,1849,-24,642,119,-158,-143
1619049025.3261907,-12751,2737,9250,3577,1871,7,648,82,-171,-141
1619049025.355367,-12730,2728,9273,3597,1896,31,655,-24,-160,-139
1619049025.365466,-12712,2735,9282,3631,1847,31,662,-151,-115,-132
1619049025.3843384,-12701,2755,9276,3670,1736,-1,648,-232,-51,-105
1619049025.4077048,-12711,2789,9239,3705,1527,34,667,-304,92,27
1619049025.4315531,-12706,2841,9216,3741,1875,2,633,-379,36,37
1619049025.4446516,-12699,2900,9196,3768,2019,-68,591,-369,47,61
1619049025.4781008,-12697,2945,9172,3798,1891,-106,576,-309,92,-3
1619049025.5049365,-12695,2969,9161,3810,1894,-127,593,-144,30,-16
1619049025.514128,-12694,2971,9163,3809,1889,-95,527,9,1,-1
1619049025.5703063,-12691,2963,9176,3794,1888,-84,518,104,-29,0
1619049025.5957842,-12682,2949,9202,3770,1906,-59,481,166,-78,14
1619049025.6130502,-12654,2908,9275,3717,1869,-14,451,208,-148,2
1619049025.6219065,-12636,2891,9316,3689,1905,10,445,188,-171,22
1619049025.6325486,-12614,2887,9357,3666,1973,1,444,113,-189,38
1619049025.653603,-12589,2894,9393,3650,1961,-25,456,41,-198,27
1619049025.6662421,-12566,2900,9428,3638,1908,-25,482,32,-209,11
1619049025.6884842,-12542,2904,9464,3623,1910,-33,470,58,-216,11
1619049025.706327,-12518,2902,9503,3604,1988,-27,457,92,-218,8
1619049025.7261064,-12496,2897,9541,3587,2015,-23,481,101,-213,-7
1619049025.749079,-12476,2885,9577,3569,2025,7,502,127,-207,-4
1619049025.773491,-12458,2859,9613,3557,2002,48,473,168,-167,-53
1619049025.8129854,-12433,2830,9656,3551,1958,19,455,163,-217,-126
1619049025.842907,-12392,2816,9713,3550,1921,16,353,90,-297,-131
1619049025.8524945,-12344,2825,9771,3551,1951,14,346,-16,-352,-82
1619049025.882389,-12299,2826,9825,3555,1993,-28,374,3,-336,-138
1619049025.8922818,-12245,2818,9890,3568,1981,36,357,15,-396,-200
1619049025.9096797,-12185,2813,9961,3583,1921,-50,329,5,-442,-260
1619049025.9381857,-12130,2822,10015,3610,1997,-74,518,-104,-465,-259
1619049025.9782946,-12103,2823,10040,3631,2168,-9,684,-67,-321,-162
1619049025.9879289,-12083,2798,10072,3628,2089,-41,483,148,-221,-177
1619049026.0094957,-12088,2768,10048,3701,2071,-39,726,-93,55,-170
1619049026.040111,-12120,2699,10049,3645,1926,18,510,514,70,12
1619049026.049622,-12139,2618,10066,3589,1920,132,389,558,38,-1
1619049026.0721185,-12155,2594,10060,3570,2015,135,313,163,142,55
1619049026.1206257,-12183,2608,10028,3555,1961,52,395,-21,202,167
1619049026.1308784,-12213,2617,10001,3522,1931,19,384,70,184,216
1619049026.150823,-12222,2630,10001,3480,1899,-19,203,106,79,196
1619049026.1564991,-12234,2637,9999,3439,1908,-50,296,123,57,170
1619049026.1699805,-12252,2633,9993,3396,2003,5,379,176,76,181
1619049026.1790934,-12267,2622,9987,3366,1942,114,392,140,66,159
1619049026.2038484,-12274,2632,9981,3351,1893,91,353,5,48,149
1619049026.2133071,-12269,2661,9985,3334,1903,15,327,-68,-41,163
1619049026.2295055,-12271,2682,9984,3314,1986,-47,415,-14,-35,133
1619049026.2515876,-12275,2688,9983,3297,1995,18,457,29,-25,106
1619049026.2736807,-12275,2679,9993,3273,1893,50,398,127,-60,86
1619049026.2894447,-12265,2669,10015,3253,1905,25,332,123,-106,33
1619049026.311267,-12262,2667,10022,3246,2028,15,435,35,-56,25
1619049026.3757098,-12266,2655,10023,3233,2017,53,476,93,-26,46
1619049026.398349,-12266,2644,10028,3229,1930,113,403,52,-20,31
1619049026.4091365,-12256,2657,10033,3240,1939,52,320,-102,-22,15
1619049026.431493,-12255,2671,10025,3256,1977,-18,440,-122,6,-23
1619049026.4449303,-12260,2667,10021,3256,1978,-16,467,16,3,-16
1619049026.4723172,-12261,2651,10024,3255,1940,37,368,-9,20,-5
1619049026.485498,-12260,2658,10022,3258,1952,31,359,-46,19,26
1619049026.5040193,-12257,2671,10020,3267,1935,15,360,-90,5,13
1619049026.5377645,-12256,2690,10012,3278,1978,-32,398,-125,24,11
1619049026.547787,-12257,2695,10009,3279,1948,-27,393,-27,12,6
1619049026.5571113,-12258,2690,10011,3274,1938,9,369,40,4,7
1619049026.5824742,-12252,2694,10016,3278,1942,21,329,-31,-2,-2
1619049026.5935955,-12248,2709,10015,3285,1948,-33,375,-92,-13,-2
1619049026.6457396,-12248,2722,10010,3288,1982,-34,425,-68,-3,24
1619049026.656086,-12249,2726,10007,3288,1974,4,386,-18,17,22
1619049026.6852257,-12248,2739,10005,3291,1939,-39,390,-63,-6,18
1619049026.6908364,-12245,2748,10006,3291,1952,-46,370,-38,-11,7
1619049026.710596,-12248,2748,10005,3281,1980,-46,423,35,-7,26
1619049026.7202144,-12253,2743,10003,3274,1973,1,410,46,17,28
1619049026.7441974,-12259,2748,9995,3270,1967,-3,402,-13,40,53
1619049026.7641134,-12261,2758,9992,3265,1942,-31,369,-25,19,52
1619049026.775945,-12264,2765,9988,3260,1957,-45,390,-12,19,39
1619049026.8015833,-12271,2769,9981,3251,1977,-36,430,16,29,56
1619049026.8115506,-12277,2764,9978,3241,1928,1,406,53,22,48
1619049026.829107,-12278,2767,9978,3234,1962,-15,362,13,12,44
1619049026.859884,-12281,2771,9975,3229,1960,-42,393,3,17,34
1619049026.873326,-12285,2768,9974,3218,1970,-37,391,50,19,36
1619049026.896068,-12289,2762,9973,3212,1953,8,399,43,21,32
1619049026.9265656,-12293,2769,9967,3212,1950,10,406,-40,30,51
1619049026.9530747,-12293,2783,9962,3213,1933,-27,383,-66,18,53
1619049026.9631288,-12291,2792,9963,3210,1954,-65,382,-25,-17,19
1619049026.992043,-12293,2783,9966,3203,1967,-66,406,70,-5,-14
1619049027.0071929,-12297,2765,9969,3189,1968,-35,425,129,-1,-5
1619049027.0212817,-12302,2747,9973,3175,1950,1,395,125,13,17
1619049027.0411386,-12302,2749,9972,3178,1957,22,363,-21,26,23
1619049027.0546067,-12300,2768,9965,3191,1952,-21,382,-137,23,21
1619049027.082307,-12300,2785,9957,3198,1945,-66,417,-102,15,20
1619049027.092228,-12302,2788,9956,3196,1958,-49,406,-1,7,16
1619049027.1147218,-12304,2786,9955,3193,1949,-43,404,19,10,6
1619049027.144489,-12304,2791,9953,3193,1953,-24,390,-26,11,24
1619049027.2050755,-12306,2812,9943,3200,1944,-16,426,-125,23,67
1619049027.2404957,-12311,2853,9923,3208,1964,-69,439,-214,50,118
1619049027.2694871,-12330,2923,9885,3184,1942,-139,450,-64,34,162
1619049027.275772,-12373,2928,9856,3102,1956,-169,461,221,91,173
1619049027.2885277,-12402,2900,9846,3045,1957,-103,473,327,92,180
1619049027.2989564,-12426,2855,9847,2986,1942,-57,353,413,106,141
1619049027.3185778,-12438,2806,9858,2944,1913,-10,286,365,73,51
1619049027.3390174,-12437,2762,9881,2912,1911,-29,256,316,3,-9
1619049027.358936,-12423,2726,9916,2887,1907,-69,235,262,-89,-59
1619049027.3789117,-12397,2693,9961,2875,1916,-26,265,198,-183,-102
1619049027.4045744,-12360,2679,10008,2885,1936,37,290,28,-246,-118
1619049027.4197502,-12320,2706,10038,2927,1944,66,374,-279,-245,-84
1619049027.444057,-12286,2778,10042,2991,1965,44,465,-565,-190,-1
1619049027.4782634,-12260,2878,10024,3058,1978,-58,513,-693,-123,56
1619049027.4883313,-12243,2965,10002,3116,1997,-108,537,-604,-85,39
1619049027.517628,-12232,3016,9986,3160,2001,-105,535,-392,-61,-19
1619049027.542647,-12227,3038,9975,3195,1991,-80,499,-232,-19,-60
1619049027.553144,-12228,3050,9961,3223,1973,-60,465,-168,34,-55
1619049027.5626063,-12232,3066,9942,3251,1966,-46,445,-180,75,-23
1619049027.5816197,-12235,3091,9920,3281,1965,-54,412,-233,93,2
1619049027.6280766,-12239,3125,9895,3312,1968,-92,395,-270,114,10
1619049027.6382833,-12244,3160,9869,3336,1947,-150,373,-244,120,13
1619049027.650329,-12251,3178,9849,3351,1943,-171,396,-133,104,-14
1619049027.6775131,-12259,3176,9840,3351,1936,-167,384,14,75,-33
1619049027.692333,-12265,3157,9843,3342,1940,-133,360,129,47,-48
1619049027.7017703,-12266,3135,9851,3334,1942,-103,349,132,14,-57
1619049027.7908924,-12261,3121,9861,3332,1954,-83,332,73,-6,-57
1619049027.8148468,-12253,3121,9870,3337,1956,-86,326,-12,-16,-46
1619049027.8307767,-12227,3154,9882,3365,1953,-115,402,-77,-52,-27
1619049027.859691,-12219,3166,9886,3372,1966,-111,397,-74,-53,-19
1619049027.8649573,-12212,3178,9890,3377,1975,-124,406,-63,-52,-17
1619049027.884515,-12208,3184,9892,3378,1955,-121,416,-31,-43,-10
1619049027.8938556,-12207,3188,9894,3372,1952,-114,413,5,-35,13
1619049027.9038293,-12209,3187,9894,3365,1965,-102,421,35,-22,21
1619049027.9642518,-12212,3182,9895,3355,1975,-95,411,61,-9,20
1619049028.037106,-12216,3175,9896,3345,1973,-83,408,65,1,21
1619049028.0672965,-12224,3169,9892,3333,1946,-80,401,22,19,29
1619049028.1028354,-12241,3150,9885,3308,1955,-84,374,77,14,-2
1619049028.1129174,-12243,3140,9888,3303,1956,-72,380,66,8,-8
1619049028.1373866,-12244,3134,9889,3302,1950,-72,384,-5,-3,-7
1619049028.1578162,-12244,3134,9890,3302,1951,-78,386,-15,-6,-10
1619049028.1673048,-12244,3134,9890,3302,1943,-83,386,-11,-8,-9
1619049028.176588,-12243,3134,9890,3302,1950,-82,391,-11,-6,-11
1619049028.2132752,-12243,3132,9890,3305,1959,-86,406,-7,-6,-20
1619049028.2229178,-12240,3131,9892,3310,1965,-80,385,-11,-2,-25
1619049028.2576156,-12240,3132,9890,3316,1959,-78,399,-29,7,-20
1619049028.290845,-12239,3135,9888,3322,1958,-78,396,-36,11,-16
1619049028.370782,-12240,3138,9884,3327,1949,-90,415,-33,15,-8
1619049028.381493,-12240,3138,9884,3327,1950,-100,388,-11,14,-15
1619049028.4042804,-12226,3202,9861,3386,1931,-147,412,-143,9,-9
1619049028.4194224,-12225,3207,9859,3389,1941,-146,409,-29,-5,-29
1619049028.4342325,-12226,3197,9863,3387,1947,-120,404,54,-9,-49
1619049028.4640572,-12225,3182,9868,3387,1953,-82,399,71,-6,-58
1619049028.4796638,-12225,3171,9871,3390,1954,-68,400,40,-1,-48
1619049028.508523,-12225,3168,9871,3394,1957,-83,402,-7,6,-29
1619049028.5561094,-12225,3171,9868,3397,1945,-108,403,-19,6,-16
1619049028.623369,-12227,3170,9868,3393,1950,-114,391,25,5,-6
1619049028.6480973,-12230,3161,9871,3382,1951,-115,397,83,-1,-3
1619049028.6532779,-12233,3145,9877,3369,1964,-91,383,120,-1,-15
1619049028.6630595,-12206,3066,9942,3346,1941,-41,232,92,-110,-112
1619049028.6727316,-12179,3077,9961,3378,1922,34,342,-173,-130,-101
1619049028.702595,-12153,3091,9980,3403,1962,-12,335,-150,-140,-84
1619049028.712067,-12128,3099,9996,3436,1949,-30,374,-159,-129,-147
1619049028.721491,-12100,3109,10013,3477,1987,-5,373,-191,-139,-167
1619049028.7417796,-12068,3119,10033,3522,1944,-20,354,-208,-157,-203
1619049028.8041792,-12039,3136,10045,3571,1994,32,383,-265,-135,-161
1619049028.9299936,-12020,3176,10031,3640,2023,46,431,-442,-23,-115
1619049028.9547226,-12011,3290,9953,3777,1976,-157,498,-492,65,-80
1619049028.9841237,-12077,3275,9880,3774,1974,-63,317,-121,82,-21
1619049028.9981651,-12090,3278,9866,3765,1999,-171,418,32,72,5
1619049029.0076416,-12098,3248,9880,3727,1893,-124,355,285,-21,3
1619049029.0297678,-12096,3199,9920,3672,1980,-46,374,167,-32,-16
1619049029.0415342,-12100,3178,9927,3657,1982,-29,432,149,-27,-11
1619049029.0622916,-12102,3162,9935,3640,1959,-48,395,139,-37,2
1619049029.0951188,-12108,3151,9939,3621,1953,-35,411,121,-19,45
1619049029.1123881,-12114,3150,9938,3604,1975,-21,396,66,-3,75
1619049029.1250384,-12125,3146,9931,3591,1987,-34,423,64,35,64
1619049029.150627,-12132,3141,9929,3576,1971,-37,392,73,23,60
1619049029.1603947,-12143,3124,9929,3553,1920,-27,384,159,25,57
1619049029.182267,-12152,3103,9933,3529,1951,7,361,179,29,56
1619049029.207026,-12160,3088,9934,3512,1972,-23,368,125,33,41
1619049029.2168076,-12166,3079,9931,3507,1953,-3,403,56,28,17
1619049029.2464817,-12171,3067,9934,3494,1937,-23,362,97,17,23
1619049029.2783544,-12174,3049,9941,3480,1918,16,322,132,15,23
1619049029.288323,-12171,3051,9946,3473,1953,-24,334,16,-11,32
1619049029.302075,-12169,3059,9947,3473,1972,-54,381,-36,-18,21
1619049029.327348,-12170,3065,9945,3467,1965,-56,397,-4,-4,40
1619049029.3371327,-12171,3067,9945,3462,1938,-31,386,7,-10,33
1619049029.358814,-12169,3072,9946,3461,1945,-26,387,-19,-23,29
1619049029.3941891,-12167,3083,9946,3461,1965,-32,383,-50,-18,39
1619049029.4065015,-12168,3097,9940,3461,1975,-58,416,-63,-4,49
1619049029.4506414,-12171,3106,9933,3462,1977,-37,396,-50,24,44
1619049029.460795,-12174,3117,9923,3472,1966,-12,412,-90,33,33
1619049029.4854088,-12180,3128,9909,3480,1971,-20,417,-88,63,41
1619049029.4949355,-12182,3141,9900,3486,1917,-90,376,-79,35,15
1619049029.5040889,-12181,3131,9909,3475,1907,-143,317,97,-3,-46
1619049029.523521,-12191,3110,9912,3449,2015,-142,427,198,5,-3
1619049029.5514655,-12200,3093,9917,3418,1965,-32,373,191,4,88
1619049029.5609114,-12197,3109,9915,3419,1914,10,317,-83,16,85
1619049029.5766926,-12190,3170,9896,3443,1978,-67,358,-368,28,124
1619049029.6046026,-12191,3216,9877,3453,1985,-132,433,-243,19,103
1619049029.6099434,-12195,3227,9870,3446,1969,-133,425,-22,9,50
1619049029.6417553,-12206,3204,9872,3427,1950,-74,413,174,21,16
1619049029.6512866,-12213,3177,9879,3405,1947,-43,371,198,16,17
1619049029.670598,-12217,3165,9881,3394,1959,-47,374,94,15,24
1619049029.705611,-12219,3171,9879,3387,1963,-80,385,-1,8,51
1619049029.7275224,-12222,3180,9874,3382,1969,-64,387,-32,19,69
1619049029.7377033,-12225,3192,9866,3386,1949,-47,397,-72,35,53
1619049029.7748697,-12224,3202,9863,3388,1943,-109,378,-48,6,17
1619049029.7837415,-12228,3197,9864,3377,1958,-112,402,66,2,17
1619049029.7986772,-12232,3183,9867,3364,1956,-67,397,106,1,19
1619049029.816655,-12233,3182,9867,3361,1951,-62,395,13,3,23
1619049029.8257399,-12233,3190,9864,3365,1958,-76,384,-53,14,21
1619049029.8455367,-12234,3198,9859,3367,1948,-103,406,-45,12,15
1619049029.8623726,-12236,3199,9857,3363,1972,-94,417,9,3,22
1619049029.8939207,-12239,3194,9855,3362,1959,-69,400,25,22,2
1619049029.9107738,-12239,3199,9852,3368,1952,-79,375,-46,27,3
1619049029.9255347,-12239,3207,9849,3369,1938,-115,397,-37,6,7
1619049029.955864,-12241,3202,9850,3362,1959,-122,398,47,0,-1
1619049030.005913,-12244,3193,9852,3357,1957,-79,391,61,12,-1
1619049030.0157378,-12245,3196,9849,3359,1940,-72,396,-21,16,14
1619049030.0249445,-12241,3207,9848,3365,1955,-102,373,-72,-2,2
1619049030.0394704,-12240,3217,9845,3367,1966,-137,417,-48,-6,3
1619049030.049169,-12244,3209,9845,3360,1947,-100,430,60,-4,2
1619049030.0730023,-12246,3203,9846,3356,1949,-55,400,38,7,14
1619049030.0940566,-12246,3213,9841,3362,1954,-77,407,-69,15,25
1619049030.1037004,-12246,3225,9836,3366,1961,-128,403,-70,8,12
1619049030.1338086,-12248,3227,9833,3361,1977,-127,420,10,5,16
1619049030.14343,-12253,3214,9836,3352,1949,-85,397,94,12,2
1619049030.1678967,-12255,3209,9835,3350,1945,-65,387,25,24,8
1619049030.2028956,-12254,3223,9829,3357,1951,-113,388,-89,21,19
1619049030.222152,-12254,3231,9826,3361,1958,-110,388,-48,16,3
1619049030.283052,-12255,3234,9823,3362,1964,-116,391,-15,19,0
1619049030.2935143,-12260,3227,9819,3361,1946,-69,382,29,59,6
1619049030.3328478,-12268,3239,9803,3368,1934,-61,426,-89,72,61
1619049030.3460763,-12265,3318,9767,3404,1937,-143,396,-291,52,67
1619049030.3872523,-12266,3388,9748,3387,1941,-254,417,0,-37,95
1619049030.3967254,-12278,3398,9740,3359,1973,-222,475,64,1,125
1619049030.4029403,-12308,3390,9720,3310,1985,-148,470,204,113,234
1619049030.4124713,-12330,3388,9709,3267,1905,-129,410,166,74,223
1619049030.430405,-12334,3397,9708,3243,1910,-112,352,40,14,158
1619049030.4628868,-12340,3418,9697,3230,1979,-217,445,-43,17,113
1619049030.4725013,-12357,3416,9689,3190,1962,-246,469,159,25,150
1619049030.5005991,-12382,3374,9695,3119,1923,-227,421,454,22,144
1619049030.560829,-12398,3306,9723,3043,1917,-151,306,588,-17,94
1619049030.571175,-12394,3234,9765,3001,1916,-70,279,478,-97,-66
1619049030.6003747,-12374,3174,9813,2990,1931,7,289,305,-154,-146
1619049030.610602,-12314,3151,9876,3054,1942,32,392,-214,-162,-142
1619049030.619947,-12282,3195,9882,3119,1953,10,426,-448,-128,-96
1619049030.6393447,-12252,3265,9872,3196,1973,-51,459,-609,-88,-67
1619049030.653985,-12223,3336,9856,3278,1970,-94,476,-630,-66,-100
1619049030.680155,-12193,3397,9846,3357,1957,-115,465,-568,-82,-140
1619049030.6897852,-12164,3450,9839,3429,1967,-144,436,-503,-73,-159
1619049030.724946,-12141,3499,9827,3493,1963,-173,440,-459,-45,-140
1619049030.750357,-12126,3552,9809,3544,1965,-207,435,-425,-5,-78
1619049030.7600374,-12119,3603,9786,3581,1987,-258,433,-358,28,-33
1619049030.7787213,-12119,3640,9763,3603,1966,-274,420,-241,53,-13
1619049030.8778281,-12122,3661,9749,3613,1942,-253,386,-124,52,-18
1619049030.8871384,-12123,3664,9745,3615,1950,-215,357,-15,33,-30
1619049030.9725842,-12127,3628,9763,3591,1952,-159,359,70,-7,-32
1619049031.018424,-12125,3619,9771,3584,1941,-154,349,73,-23,-23
1619049031.1498327,-12107,3622,9809,3538,1964,-160,387,90,-36,9
1619049031.1657994,-12109,3608,9816,3526,1981,-126,379,106,-28,2
1619049031.1712124,-12111,3596,9821,3516,1968,-115,379,90,-16,6
1619049031.1954138,-12126,3583,9813,3501,1957,-137,371,-1,20,-1
1619049031.2092464,-12128,3579,9812,3503,1958,-115,371,8,19,-7
1619049031.2296321,-12127,3578,9812,3503,1941,-112,366,0,14,0
1619049031.255431,-12127,3578,9813,3503,1946,-126,357,-11,13,-5
1619049031.3101506,-12127,3578,9813,3503,1947,-134,365,-13,8,-12
1619049031.4383025,-12125,3579,9813,3507,1955,-131,368,-20,0,-16
1619049031.4724839,-12117,3609,9799,3543,1959,-136,367,-12,12,-6
1619049031.5132992,-12119,3613,9796,3544,1969,-152,373,-23,19,6
1619049031.523676,-12121,3617,9791,3544,1955,-156,380,-18,22,12
1619049031.552198,-12124,3621,9787,3542,1951,-152,372,-11,16,20
1619049031.5620885,-12125,3625,9785,3541,1949,-149,372,-9,6,16
1619049031.6989913,-12124,3634,9783,3541,1968,-143,368,-24,2,13
1619049031.720369,-12123,3639,9782,3541,1953,-154,379,-22,-8,11
1619049031.7600882,-12125,3637,9782,3536,1968,-166,390,-2,9,-6
1619049031.8206036,-12127,3631,9782,3533,1961,-155,385,38,11,-18
1619049031.8311293,-12130,3623,9782,3532,1957,-140,390,40,13,-15
1619049031.8443313,-12133,3619,9780,3530,1949,-142,382,24,17,-3
1619049031.8657029,-12141,3598,9783,3516,1979,-120,360,93,3,-7
1619049031.8708851,-12140,3583,9790,3515,1961,-128,349,71,3,-52
1619049031.9578338,-12136,3577,9794,3524,1942,-113,371,-2,-10,-60
1619049031.9908583,-12133,3578,9798,3526,1954,-137,365,-12,-20,-16
1619049032.0443764,-12102,3532,9853,3525,1944,-50,284,128,-111,-116
1619049032.0631833,-12075,3514,9886,3542,1915,-62,308,24,-160,-179
1619049032.0816922,-12005,3558,9901,3688,1988,-46,387,-447,-36,-128
1619049032.1690693,-11984,3621,9874,3767,2000,-212,444,-572,10,-169
1619049032.2257934,-11998,3672,9814,3830,2068,-213,623,-481,177,-54
1619049032.2552261,-12160,3460,9742,3698,1925,-44,354,423,114,-1
1619049032.2604535,-12172,3416,9763,3646,1895,-152,213,409,46,22
1619049032.2680602,-12190,3336,9793,3577,1929,-164,359,339,23,-16
1619049032.2801974,-12204,3282,9815,3519,1950,-129,372,469,-27,29
1619049032.2900677,-12206,3223,9850,3469,1925,-50,304,457,-77,-15
1619049032.3038177,-12212,3179,9868,3436,1976,-40,399,318,-39,-3
1619049032.3506854,-12220,3157,9876,3406,1971,-69,432,207,-29,53
1619049032.3612757,-12228,3140,9883,3372,1947,-86,422,206,-39,80
1619049032.3790748,-12239,3104,9892,3338,1976,20,395,276,8,73
1619049032.3885968,-12248,3081,9893,3323,1949,77,394,142,40,73
1619049032.408701,-12262,3086,9877,3314,1983,16,453,-8,75,140
1619049032.4236927,-12274,3104,9858,3311,1961,-39,409,-78,95,128
1619049032.4487123,-12285,3114,9843,3307,1966,-111,404,-34,91,66
1619049032.5079978,-12302,3096,9833,3289,1987,-119,429,144,98,25
1619049032.5181258,-12316,3063,9835,3261,1930,-67,389,253,59,28
1619049032.541219,-12329,3033,9836,3239,1928,-39,360,3,43,43
1619049032.5504882,-12325,3051,9833,3246,1931,-69,345,-106,21,34
1619049032.5661237,-12320,3065,9833,3251,1952,-81,380,-81,-6,23
1619049032.589607,-12314,3072,9836,3255,1938,-80,404,-44,-30,1
1619049032.6034768,-12310,3074,9842,3254,1930,-75,389,-6,-31,1
1619049032.6272943,-12305,3075,9847,3255,1928,-95,403,-9,-36,-15
1619049032.6564963,-12301,3081,9849,3256,1959,-78,433,-33,-37,15
1619049032.672301,-12300,3098,9846,3257,1949,-50,443,-83,-24,76
1619049032.6861246,-12297,3136,9836,3262,1941,-89,430,-193,-19,113
1619049032.7109146,-12298,3170,9822,3266,1967,-155,445,-164,14,90
1619049032.750882,-12306,3176,9814,3254,1977,-190,435,23,32,43
1619049032.7614365,-12322,3163,9809,3222,1951,-164,443,177,41,81
1619049032.7801223,-12334,3157,9807,3189,1936,-121,381,147,34,133
1619049032.7896404,-12341,3174,9796,3175,1950,-103,402,-31,45,141
1619049032.8142402,-12344,3209,9782,3174,1956,-127,393,-158,41,142
1619049032.840147,-12347,3233,9772,3170,1926,-142,410,-93,26,104
1619049032.850688,-12354,3239,9768,3147,1944,-198,407,66,17,100
1619049032.873995,-12364,3218,9773,3116,1947,-146,419,207,-1,62
1619049032.8887105,-12369,3197,9781,3088,1949,-121,400,196,-12,53
1619049032.9032614,-12372,3184,9788,3071,1937,-105,396,118,-14,43
1619049032.9347444,-12374,3179,9792,3054,1930,-126,412,82,-20,58
1619049032.949412,-12375,3180,9796,3034,1931,-131,413,68,-38,92
1619049032.976146,-12378,3189,9797,3012,1953,-155,442,38,-39,116
1619049032.9869645,-12381,3184,9800,2996,1965,-102,417,74,-16,82
1619049033.0098078,-12380,3187,9800,2994,1944,-72,418,-16,-7,58
1619049033.0312254,-12384,3200,9793,2988,1950,-131,444,-42,7,92
1619049033.0473151,-12389,3210,9787,2976,1953,-153,431,-3,9,96
1619049033.0880334,-12394,3210,9783,2966,1945,-155,434,34,16,57
1619049033.0975997,-12400,3205,9782,2952,1955,-168,421,72,17,43
1619049033.1113024,-12405,3192,9784,2938,1961,-142,420,106,9,35
1619049033.128512,-12406,3190,9784,2934,1956,-124,399,19,12,26
1619049033.1513736,-12403,3196,9784,2941,1930,-139,391,-53,6,2
1619049033.1670902,-12401,3198,9785,2945,1957,-151,422,-25,-8,-7
1619049033.1888647,-12404,3194,9785,2937,1949,-156,431,44,-1,23
1619049033.2059996,-12404,3194,9785,2937,1928,-154,403,-9,-12,2
1619049033.227129,-12401,3197,9787,2939,1952,-195,425,-16,-18,-22
1619049033.2495255,-12401,3187,9792,2932,1946,-170,411,74,-20,-13
1619049033.2657595,-12402,3173,9797,2926,1941,-100,431,75,-18,4
1619049033.2858233,-12400,3179,9797,2931,1968,-131,417,-46,-3,15
1619049033.310928,-12398,3198,9790,2942,1957,-175,435,-127,9,17
1619049033.3257835,-12399,3208,9785,2944,1956,-203,435,-50,4,11
1619049033.346331,-12401,3213,9783,2936,1945,-203,422,10,5,28
1619049033.3685882,-12405,3210,9780,2932,1951,-161,424,28,18,16
1619049033.3862472,-12407,3212,9778,2929,1943,-157,410,0,18,32
1619049033.408244,-12408,3220,9774,2928,1932,-179,401,-34,17,30
1619049033.4284563,-12410,3226,9771,2926,1944,-178,427,-22,12,27
1619049033.4538593,-12410,3226,9771,2923,1942,-198,405,18,7,0
1619049033.4665542,-12411,3217,9774,2920,1921,-150,405,49,0,-15
1619049033.4881356,-12408,3212,9780,2919,1931,-137,391,25,-19,-3
1619049033.5110028,-12405,3216,9782,2920,1944,-150,415,-25,-20,13
1619049033.5341008,-12403,3225,9780,2924,1961,-160,439,-59,-14,16
1619049033.5532548,-12402,3229,9778,2929,1959,-184,450,-38,-5,-11
1619049033.571432,-12404,3224,9778,2929,1940,-166,438,21,-1,-14
1619049033.5854316,-12406,3222,9776,2926,1955,-157,432,20,8,13
1619049033.6108208,-12407,3227,9772,2931,1950,-162,431,-43,18,8
1619049033.6391401,-12408,3237,9765,2937,1955,-177,434,-72,19,11
1619049033.649804,-12409,3246,9760,2941,1939,-186,415,-48,25,14
1619049033.6685963,-12412,3249,9755,2940,1928,-179,422,-14,25,17
1619049033.6913834,-12412,3249,9755,2940,1954,-174,413,-8,15,9
1619049033.7054996,-12412,3250,9756,2940,1945,-195,407,0,9,-4
1619049033.7285242,-12411,3247,9758,2939,1937,-174,403,18,0,-8
1619049033.7520223,-12409,3244,9762,2936,1932,-154,396,21,-16,2
1619049033.765932,-12409,3243,9763,2937,1945,-130,408,13,-13,6
1619049033.7888532,-12405,3250,9764,2941,1951,-162,381,-46,6,5
1619049033.8113916,-12403,3259,9763,2945,1921,-128,367,-58,17,31
1619049033.8301435,-12402,3284,9752,2954,1957,-157,412,-148,35,68
1619049033.8510604,-12406,3322,9731,2966,1964,-194,428,-221,73,100
1619049033.8956153,-12409,3372,9706,2980,1933,-238,409,-271,94,111
1619049033.9189827,-12410,3433,9677,2999,1911,-257,425,-343,83,130
1619049033.9412158,-12413,3494,9648,3007,1934,-291,416,-303,84,159
1619049033.9894533,-12418,3543,9626,3002,1917,-281,390,-202,71,183
1619049034.0204616,-12408,3605,9614,3008,1891,-240,367,-300,-9,180
1619049034.030613,-12358,3841,9556,3104,2016,-255,540,-834,-29,207
1619049034.0399358,-12376,3993,9450,3164,1943,-381,666,-226,125,145
1619049034.0508294,-12413,3947,9436,3118,1908,-308,490,374,135,98
1619049034.0824316,-12436,3859,9457,3073,1864,-271,335,578,71,-100
1619049034.1384437,-12444,3767,9492,3045,1913,-219,302,535,10,-190
1619049034.1489856,-12440,3694,9533,3026,1911,-218,267,418,-43,-194
1619049034.2133594,-12421,3647,9576,3025,1881,-182,241,228,-103,-195
1619049034.2190135,-12385,3642,9616,3051,1894,-169,239,-66,-156,-178
1619049034.2708318,-12212,3886,9653,3316,1970,-331,535,-412,-157,-204
1619049034.28219,-12194,3893,9657,3363,1960,-285,567,-210,-120,-230
1619049034.3024628,-12185,3885,9660,3398,1978,-257,544,-99,-70,-211
1619049034.316703,-12182,3871,9659,3428,1987,-225,501,-51,-5,-180
1619049034.3381457,-12184,3863,9650,3454,1959,-224,458,-61,51,-127
1619049034.3544304,-12188,3871,9634,3478,1970,-211,417,-128,93,-56
1619049034.4153838,-12192,3896,9609,3504,1961,-229,409,-210,117,3
1619049034.4256103,-12197,3926,9583,3524,1969,-267,391,-212,123,26
1619049034.4503458,-12214,3961,9541,3541,1960,-279,402,-58,99,21
1619049034.4556792,-12224,3958,9530,3538,1962,-271,403,31,84,3
1619049034.4962947,-12232,3946,9527,3531,1938,-242,376,83,63,-11
1619049034.5021415,-12236,3936,9528,3525,1937,-223,355,72,45,-7
1619049034.5407355,-12236,3935,9529,3524,1938,-208,358,12,25,4
1619049034.5504165,-12233,3946,9527,3529,1938,-221,368,-69,13,12
1619049034.5627809,-12226,3966,9524,3539,1935,-242,372,-123,1,5
1619049034.5805533,-12219,3987,9521,3549,1913,-255,391,-133,-12,5
1619049034.602836,-12215,4008,9516,3552,1919,-281,408,-100,-18,23
1619049034.632481,-12213,4018,9514,3549,1940,-275,417,-33,-17,19
1619049034.7229145,-12214,4019,9515,3544,1944,-271,420,17,-17,6
1619049034.7745304,-12237,4039,9477,3546,1946,-255,440,-43,51,10
1619049034.8504362,-12250,4031,9465,3541,1920,-245,414,50,49,4
1619049034.8617518,-12256,4024,9461,3537,1932,-231,405,46,46,9
1619049034.8934083,-12262,4021,9454,3539,1915,-221,407,-32,8,9
1619049034.905026,-12259,4030,9452,3544,1933,-231,412,-55,4,10
1619049034.9208245,-12257,4039,9449,3550,1935,-241,431,-68,-1,2
1619049034.9388912,-12254,4046,9447,3557,1926,-244,426,-59,-3,-10
1619049034.9831562,-12252,4053,9445,3563,1930,-248,427,-51,2,-12
1619049034.99511,-12251,4058,9441,3569,1938,-258,440,-46,7,-14
1619049035.0288637,-12250,4063,9438,3575,1948,-264,428,-42,13,-20
1619049035.0558665,-12251,4064,9435,3581,1935,-269,430,-22,19,-33
1619049035.075509,-12252,4060,9433,3584,1926,-264,430,10,17,-36
1619049035.08317,-12253,4054,9435,3583,1935,-248,409,32,12,-26
1619049035.095962,-12255,4049,9435,3582,1933,-257,421,28,13,-20
1619049035.1068642,-12255,4049,9435,3582,1948,-257,426,10,9,-2
1619049035.119465,-12255,4050,9435,3582,1943,-264,429,6,-1,-3
1619049035.1555493,-12256,4049,9435,3578,1927,-257,426,18,-2,3
1619049035.1682384,-12257,4049,9435,3574,1920,-242,421,17,-2,15
1619049035.185032,-12257,4049,9435,3573,1928,-247,428,12,-8,15
1619049035.200695,-12257,4050,9435,3573,1935,-248,417,-4,-10,15
1619049035.2272167,-12257,4056,9434,3571,1929,-243,432,-23,-8,28
1619049035.2834673,-12257,4065,9431,3569,1940,-251,437,-33,-10,37
1619049035.3079631,-12255,4074,9431,3565,1942,-263,410,-25,-16,31
1619049035.3248875,-12253,4080,9434,3554,1943,-259,429,17,-17,21
1619049035.3418868,-12255,4075,9439,3539,1941,-247,415,40,-12,18
1619049035.363511,-12256,4071,9442,3534,1944,-236,428,36,-10,12
1619049035.3738072,-12256,4071,9442,3535,1952,-235,424,6,-6,14
1619049035.409753,-12256,4074,9440,3535,1933,-233,431,-17,-2,19
1619049035.4217398,-12257,4080,9437,3534,1934,-253,443,-28,-1,22
1619049035.4322474,-12260,4080,9435,3530,1940,-257,439,13,2,19
1619049035.461641,-12261,4068,9441,3523,1930,-248,439,81,-22,-16
1619049035.4774745,-12255,4048,9460,3514,1930,-234,352,131,-57,-55
1619049035.4959872,-12237,4039,9490,3509,1901,-179,302,64,-124,-46
1619049035.5295758,-12201,4068,9515,3534,1885,-135,325,-230,-186,-34
1619049035.5955853,-12152,4105,9545,3577,1921,-129,241,-327,-193,-108
1619049035.6057115,-12095,4169,9563,3649,1926,-126,263,-564,-177,-130
1619049035.6814785,-12024,4392,9477,3842,2021,-372,565,-877,8,3
1619049035.714923,-12024,4475,9422,3880,1981,-564,622,-526,45,30
1619049035.7405145,-12192,4324,9282,3863,1958,-276,391,224,250,-48
1619049035.753786,-12225,4273,9279,3821,1888,-407,348,416,166,-27
1619049035.7701347,-12258,4181,9310,3744,1860,-430,267,754,73,-76
1619049035.7827513,-12295,4046,9355,3658,1913,-293,337,960,33,-123
1619049035.7998874,-12323,3910,9405,3583,1929,-223,325,922,14,-156
1619049035.8156304,-12340,3793,9453,3523,1854,-66,308,754,-14,-99
1619049035.8413122,-12344,3759,9474,3490,1869,-140,321,282,-18,35
1619049035.8610394,-12345,3773,9469,3482,1964,-187,450,-40,0,96
1619049035.873959,-12346,3802,9456,3484,1933,-270,475,-141,12,69
1619049035.906687,-12352,3825,9444,3467,1915,-282,497,-43,-6,131
1619049035.9403615,-12369,3830,9437,3423,1932,-282,485,142,6,198
1619049035.9528143,-12387,3822,9432,3381,1949,-211,468,183,26,193
1619049035.9623196,-12403,3827,9420,3350,1966,-185,478,79,48,209
1619049035.9807663,-12421,3843,9402,3316,1938,-222,490,41,57,252
1619049035.994495,-12437,3855,9385,3287,1944,-243,463,39,76,208
1619049036.016066,-12456,3856,9372,3254,1918,-283,457,116,79,173
1619049036.0332766,-12479,3840,9365,3202,1901,-256,464,256,50,208
1619049036.0541816,-12497,3819,9367,3152,1898,-178,411,270,37,207
1619049036.077033,-12500,3826,9364,3138,1915,-166,417,2,29,148
1619049036.100252,-12500,3845,9357,3138,1913,-235,435,-89,24,90
1619049036.1192632,-12500,3861,9355,3126,1896,-250,453,-38,-13,119
1619049036.1374812,-12498,3871,9356,3116,1907,-254,453,-17,-25,88
1619049036.1593082,-12495,3879,9357,3116,1916,-276,461,-37,-24,23
1619049036.173589,-12494,3874,9361,3112,1923,-230,494,24,-33,26
1619049036.2047312,-12496,3874,9361,3107,1925,-225,498,9,-15,59
1619049036.2142048,-12497,3899,9349,3104,1920,-281,499,-111,11,115
1619049036.2336557,-12497,3935,9333,3111,1926,-301,499,-195,26,104
1619049036.2561226,-12498,3964,9317,3118,1936,-315,489,-163,42,81
1619049036.2790203,-12497,3986,9306,3126,1899,-269,474,-137,27,71
1619049036.2939227,-12492,4011,9296,3143,1910,-243,459,-187,30,49
1619049036.31636,-12487,4039,9284,3163,1909,-359,467,-198,29,-14
1619049036.338609,-12489,4033,9285,3159,1921,-398,477,54,3,-45
1619049036.353863,-12496,4004,9296,3134,1893,-346,460,228,-25,-15
1619049036.391768,-12495,3990,9306,3126,1904,-264,436,93,-24,-1
1619049036.4017189,-12486,4009,9303,3148,1927,-244,453,-176,1,-4
1619049036.418285,-12473,4054,9291,3178,1903,-323,471,-319,4,9
1619049036.436105,-12468,4087,9279,3193,1901,-383,487,-200,5,15
1619049036.4588714,-12468,4088,9278,3192,1927,-400,500,2,-4,6
1619049036.476214,-12473,4066,9285,3178,1920,-352,475,155,-15,-34
1619049036.498758,-12479,4041,9294,3163,1912,-310,456,171,-7,-20
1619049036.5185986,-12482,4033,9296,3156,1918,-296,463,63,2,13
1619049036.5329452,-12480,4040,9294,3158,1907,-307,457,-44,6,18
1619049036.5402083,-12476,4056,9290,3163,1903,-323,448,-91,-2,23
1619049036.5653815,-12476,4065,9288,3162,1910,-348,489,-34,-14,23
1619049036.5820982,-12480,4060,9290,3145,1915,-362,456,88,-13,33
1619049036.6012666,-12485,4046,9293,3135,1915,-296,479,97,0,11
1619049036.6313646,-12485,4046,9293,3135,1923,-304,469,-10,2,2
1619049036.6425223,-12485,4046,9293,3135,1907,-325,467,13,2,7
1619049036.6681616,-12488,4045,9293,3127,1923,-314,471,33,1,35
1619049036.6947343,-12490,4042,9293,3121,1909,-325,472,34,0,15
1619049036.7216775,-12490,4038,9294,3121,1911,-321,470,20,-4,-14
1619049036.7337687,-12490,4030,9298,3118,1903,-299,450,42,-3,-11
1619049036.7505007,-12490,4023,9302,3116,1906,-302,460,45,-11,-13
1619049036.762512,-12489,4019,9306,3115,1930,-308,460,19,-11,-8
1619049036.786161,-12489,4019,9306,3115,1916,-320,465,-3,-16,-11
1619049036.8085876,-12490,4019,9305,3115,1924,-319,489,9,-2,9
1619049036.8227708,-12490,4019,9305,3115,1919,-321,495,-2,3,10
1619049036.84274,-12490,4025,9301,3117,1921,-305,491,-40,5,18
1619049036.8631122,-12493,4031,9294,3118,1908,-313,482,-38,21,31
1619049036.8826807,-12496,4045,9284,3118,1912,-356,489,-59,28,44
1619049036.9029174,-12500,4049,9278,3114,1910,-344,477,-4,27,29
1619049036.9289992,-12503,4048,9276,3110,1907,-338,451,20,23,16
1619049036.9512856,-12505,4046,9276,3106,1907,-330,452,24,10,5
1619049036.9682558,-12504,4045,9279,3102,1907,-321,443,23,-2,12
1619049036.9804769,-12502,4052,9279,3102,1898,-345,448,-31,-8,6
1619049037.0034204,-12502,4052,9279,3102,1911,-328,471,-13,-9,-12
1619049037.0284553,-12502,4052,9278,3102,1915,-317,504,1,-13,7
1619049037.0397334,-12500,4060,9278,3104,1905,-327,466,-43,-10,17
1619049037.0653982,-12500,4066,9274,3106,1925,-345,489,-36,2,5
1619049037.0805364,-12503,4064,9273,3098,1914,-363,489,41,-3,14
1619049037.1003454,-12507,4057,9274,3089,1897,-327,470,62,4,19
1619049037.131401,-12507,4058,9273,3090,1909,-296,461,-15,9,16
1619049037.1411834,-12502,4072,9271,3096,1923,-319,444,-83,1,23
1619049037.1597466,-12498,4080,9273,3100,1911,-330,448,-52,-12,2
1619049037.189102,-12493,4085,9275,3105,1915,-298,465,-46,-21,4
1619049037.206207,-12489,4093,9274,3114,1910,-295,478,-71,-13,1
1619049037.2285244,-12486,4103,9270,3126,1911,-276,468,-101,13,13
1619049037.251351,-12483,4123,9260,3141,1916,-298,465,-151,37,28
1619049037.2678182,-12473,4157,9252,3158,1882,-390,403,-211,15,0
1619049037.2798483,-12464,4179,9250,3171,1888,-431,445,-133,-17,-43
1619049037.313372,-12464,4182,9251,3162,1962,-437,511,23,-39,1
1619049037.3256166,-12464,4180,9256,3151,1922,-380,509,46,-58,14
1619049037.3426332,-12454,4182,9265,3163,1889,-294,396,-46,-30,-48
1619049037.372027,-12440,4186,9274,3187,1900,-277,432,-110,-40,-90
1619049037.3865483,-12429,4191,9278,3210,1937,-302,495,-117,-40,-79
1619049037.403687,-12422,4193,9282,3222,1924,-329,479,-54,-37,-59
1619049037.4366496,-12417,4178,9289,3240,1914,-266,457,1,-9,-113
1619049037.4535956,-12412,4178,9287,3267,1958,-318,501,-99,14,-108
1619049037.4682326,-12416,4190,9270,3285,1956,-386,538,-122,55,-47
1619049037.49733,-12431,4183,9250,3292,1946,-358,528,2,122,-20
1619049037.506921,-12452,4182,9222,3294,1903,-350,508,-2,166,35
1619049037.5366695,-12461,4181,9213,3285,1852,-337,347,49,113,44
1619049037.5462856,-12457,4191,9212,3288,1886,-359,368,-48,36,-4
1619049037.5980642,-12453,4216,9203,3297,1946,-415,447,-137,29,10
1619049037.6079981,-12465,4229,9184,3289,1917,-407,554,-33,53,78
1619049037.6174505,-12481,4233,9170,3262,1890,-372,462,81,67,148
1619049037.630615,-12482,4252,9161,3258,1839,-323,430,-78,34,93
1619049037.6542082,-12473,4290,9152,3271,1878,-283,441,-227,-3,98
1619049037.6637015,-12456,4348,9142,3287,1923,-274,462,-348,-41,154
1619049037.7072272,-12435,4391,9141,3309,1886,-235,400,-291,-46,82
1619049037.7184894,-12407,4423,9155,3335,1892,-264,302,-240,-67,-14
1619049037.7532766,-12374,4413,9195,3359,1907,-263,289,-36,-141,-183
1619049037.805833,-12337,4383,9250,3385,1909,-403,380,64,-244,-364
1619049037.815678,-12301,4331,9310,3420,1916,-347,521,121,-305,-462
1619049037.8298123,-12264,4286,9361,3467,1927,-280,529,35,-269,-450
1619049037.8507967,-12180,4324,9395,3621,1951,-297,483,-510,-123,-267
1619049037.860068,-12150,4413,9365,3690,1966,-393,508,-669,-34,-55
1619049037.8848493,-12135,4498,9325,3738,1967,-498,520,-562,21,10
1619049037.9100378,-12136,4525,9305,3752,1953,-488,499,-174,22,-43
1619049037.9329624,-12142,4508,9308,3749,1943,-374,436,101,10,-81
1619049037.9419506,-12145,4476,9319,3750,1937,-273,395,148,14,-107
1619049038.0231075,-12144,4452,9327,3762,1931,-219,382,63,23,-104
1619049038.0328941,-12140,4452,9324,3783,1929,-216,387,-83,43,-56
1619049038.0829968,-12135,4479,9307,3809,1932,-257,399,-223,64,8
1619049038.0925553,-12149,4489,9280,3816,1918,-354,406,189,19,-63
1619049038.1372046,-12155,4352,9360,3760,1928,-173,348,173,-70,-82
1619049038.1474516,-12138,4354,9376,3774,1939,-194,336,-63,-63,-61
1619049038.156872,-12117,4382,9379,3800,1941,-254,363,-227,-58,-47
1619049038.2030718,-12096,4419,9377,3828,1942,-316,383,-264,-57,-51
1619049038.2127454,-12083,4445,9375,3846,1950,-351,432,-182,-64,-51
1619049038.2615178,-12077,4454,9377,3849,1957,-339,455,-51,-64,-37
1619049038.2986326,-12077,4446,9384,3843,1969,-311,454,61,-56,-37
1619049038.3357983,-12078,4431,9391,3836,1965,-267,430,93,-37,-30
1619049038.3657253,-12080,4422,9395,3833,1945,-265,406,3,2,-1
1619049038.4057875,-12099,4422,9373,3827,1942,-253,404,5,31,14
1619049038.4207108,-12102,4422,9369,3824,1940,-273,389,13,28,18
1619049038.4301956,-12105,4418,9369,3822,1931,-275,381,29,19,-5
1619049038.4648857,-12106,4412,9372,3819,1947,-249,378,40,11,-6
1619049038.4747577,-12106,4412,9372,3819,1934,-263,380,3,8,9
1619049038.525716,-12106,4412,9372,3819,1930,-261,393,-3,1,-9
1619049038.5466337,-12106,4412,9372,3819,1933,-265,385,-8,-13,-2
1619049038.6137574,-12103,4417,9373,3821,1936,-288,399,-25,-15,-11
1619049038.6380014,-12101,4416,9375,3821,1952,-286,401,2,-14,-18
1619049038.6434896,-12101,4413,9377,3818,1949,-273,408,24,-16,-9
1619049038.683222,-12107,4402,9380,3806,1945,-273,404,34,0,4
1619049038.7022643,-12113,4391,9382,3795,1929,-254,395,53,5,10
1619049038.727082,-12119,4381,9384,3782,1918,-258,389,44,3,10
1619049038.8019786,-12120,4376,9388,3775,1931,-262,378,50,-3,8
1619049038.8891764,-12122,4368,9393,3767,1932,-263,388,70,-13,-3
1619049038.9409301,-12123,4353,9401,3758,1947,-258,402,101,-23,-19
1619049038.9702632,-12119,4243,9453,3769,1987,-218,405,1,18,-55
1619049038.9781086,-12115,4254,9438,3806,1945,-228,435,-129,40,-36
1619049039.03569,-12116,4288,9407,3842,1912,-248,421,-141,57,6
1619049039.0462003,-12118,4301,9394,3854,1929,-251,408,-109,61,4
1619049039.0709476,-12119,4309,9384,3865,1970,-255,396,-78,61,-9
1619049039.1011138,-12122,4313,9374,3874,1967,-276,393,-50,67,-28
1619049039.170247,-12125,4314,9366,3884,1943,-277,391,-34,75,-45
1619049039.19687,-12130,4310,9359,3891,1945,-294,400,0,67,-56
1619049039.2019446,-12141,4279,9357,3893,1914,-267,404,101,42,-72
1619049039.2124557,-12149,4245,9367,3882,1940,-193,410,15,8,-4
1619049039.2178783,-12151,4247,9360,3892,1900,-192,440,-52,34,-7
1619049039.2383661,-12146,4242,9368,3892,1923,-191,346,23,0,-18
1619049039.2509158,-12131,4261,9374,3904,1917,-218,373,-130,-61,-11
1619049039.2651613,-12106,4287,9387,3921,1908,-260,384,-177,-131,-62
1619049039.4686456,-12086,4294,9410,3922,1918,-275,335,-20,-137,-75
1619049039.4884145,-12066,4292,9433,3928,1913,-169,342,-12,-120,-65
1619049039.499396,-12047,4290,9447,3957,1963,-59,347,-108,-47,-87
1619049039.53758,-12231,4103,9322,3884,1941,-102,226,1165,124,-68
1619049039.5706687,-12261,3972,9364,3827,1875,-42,171,824,161,-122
1619049039.5885446,-12281,3815,9432,3754,1912,-113,245,435,26,-73
1619049039.6127157,-12267,3757,9491,3709,1889,-145,336,104,-67,-30
1619049039.633416,-12259,3765,9500,3707,1929,-150,414,-24,-63,22
1619049039.6504521,-12245,3792,9504,3713,1914,-155,434,-146,-87,42
1619049039.6640153,-12234,3839,9497,3722,1966,-177,477,-252,-77,110
1619049039.7279122,-12226,3884,9484,3732,1972,-151,474,-251,-36,126
1619049039.752992,-12223,3929,9465,3744,1957,-240,505,-255,-6,89
1619049039.7584207,-12255,3907,9454,3686,1941,-196,480,303,29,113
1619049039.7906857,-12272,3885,9454,3652,1962,-75,457,209,32,157
1619049039.8065424,-12274,3907,9440,3661,1951,-58,419,-155,65,132
1619049039.8253102,-12275,3958,9410,3680,1920,-211,439,-311,89,122
1619049039.843256,-12283,3987,9390,3673,1935,-282,455,-103,64,125
1619049039.853065,-12295,3978,9387,3652,1932,-239,436,119,38,62
1619049039.880417,-12304,3958,9392,3631,1929,-173,416,166,23,52
1619049039.8961422,-12307,3945,9396,3621,1891,-126,404,85,17,46
1619049039.9147215,-12302,3961,9392,3631,1914,-154,395,-116,19,41
1619049039.9282787,-12296,3993,9381,3648,1932,-225,450,-210,10,33
1619049039.9376116,-12296,4017,9372,3644,1936,-321,457,-85,0,57
1619049039.9626102,-12296,4020,9375,3632,1925,-255,430,33,-26,44
1619049039.9714673,-12287,4024,9383,3637,1930,-193,417,-39,-44,-13
1619049040.0041893,-12272,4031,9392,3657,1920,-137,408,-112,-51,-46
1619049040.0858731,-12250,4042,9401,3693,1896,-82,377,-192,-47,-89
1619049040.0955286,-12234,4069,9397,3729,1935,-247,469,-258,-38,-92
1619049040.1045737,-12237,4044,9402,3732,1953,-234,484,128,-9,-82
1619049040.1141205,-12233,4041,9401,3751,1930,-209,441,-79,15,-20
1619049040.1325407,-12230,4056,9393,3767,1963,-216,431,-128,32,-13
1619049040.148958,-12227,4072,9384,3779,1934,-263,433,-113,28,-19
1619049040.1649435,-12228,4077,9380,3781,1941,-272,434,-23,19,-17
1619049040.2058177,-12234,4074,9378,3771,1940,-241,435,48,19,24
1619049040.2181916,-12233,4074,9379,3771,1911,-213,401,12,13,15
1619049040.3024864,-12230,4089,9375,3774,1931,-272,415,-71,4,10
1619049040.3331366,-12230,4090,9375,3773,1915,-239,440,1,-3,5
1619049040.3526156,-12239,4094,9371,3751,1923,-222,452,22,-2,28
1619049040.3675418,-12244,4096,9368,3739,1939,-247,459,37,-1,57
1619049040.3770175,-12249,4096,9366,3729,1936,-246,463,33,-4,40
1619049040.396311,-12252,4095,9365,3721,1952,-243,454,37,0,25
1619049040.4058824,-12259,4091,9364,3707,1937,-224,456,66,7,59
1619049040.4320104,-12262,4095,9361,3698,1937,-222,437,13,10,68
1619049040.4626405,-12264,4105,9355,3697,1941,-239,449,-46,12,45
1619049040.472135,-12267,4103,9352,3694,1941,-237,461,17,16,11
1619049040.4874961,-12273,4089,9355,3684,1923,-214,439,101,6,12
1619049040.5242786,-12275,4080,9360,3673,1915,-207,434,81,-13,23
1619049040.5602427,-12277,4076,9361,3668,1942,-224,448,34,-1,16
1619049040.569757,-12277,4076,9362,3668,1940,-227,423,12,8,-9
1619049040.5868764,-12274,4068,9367,3671,1926,-230,423,29,-6,-52
1619049040.618914,-12267,4049,9383,3677,1925,-202,418,72,-46,-102
1619049040.6497004,-12260,4023,9401,3682,1937,-146,441,96,-55,-101
1619049040.6590319,-12251,4015,9410,3697,1914,-130,447,-33,-45,-69
1619049040.6706836,-12240,4027,9409,3721,1926,-183,467,-147,-31,-60
1619049040.6801517,-12239,4040,9400,3735,1946,-264,505,-110,4,-33
1619049040.6991892,-12246,4037,9393,3734,1967,-280,519,20,17,-19
1619049040.7087097,-12250,4029,9391,3732,1953,-216,452,42,23,-11
1619049040.7396634,-12253,4028,9387,3735,1934,-222,430,-4,41,-9
1619049040.7641408,-12257,4040,9377,3735,1950,-247,436,-52,46,37
1619049040.7735941,-12259,4048,9370,3735,1942,-240,412,-38,42,29
1619049040.828082,-12258,4058,9366,3738,1921,-237,391,-53,30,11
1619049040.8383038,-12258,4064,9364,3738,1931,-251,421,-20,13,5
1619049040.8481994,-12257,4061,9369,3734,1916,-232,415,31,-10,-9
1619049040.8609486,-12255,4058,9374,3730,1922,-220,421,30,-21,-3
1619049040.8915727,-12249,4063,9378,3731,1938,-214,417,-30,-23,0
1619049040.9010227,-12245,4068,9380,3736,1954,-215,437,-38,-20,-8
1619049040.9263783,-12245,4068,9380,3736,1945,-198,442,-5,-6,2
1619049040.9525473,-12249,4061,9380,3730,1948,-180,429,48,19,32
1619049040.9619992,-12253,4070,9372,3728,1918,-192,424,-40,43,65
1619049040.9713285,-12249,4087,9366,3738,1895,-167,379,-116,33,45
1619049040.9939318,-12240,4115,9357,3758,1936,-202,413,-210,17,16
1619049041.0138564,-12235,4138,9348,3773,1953,-232,437,-165,17,19
1619049041.103652,-12230,4148,9344,3786,1913,-265,385,-87,33,-44
1619049041.1451945,-12216,4176,9339,3815,1886,-233,410,-230,-8,-48
1619049041.1643379,-12196,4223,9326,3859,1948,-229,477,-387,-27,-40
1619049041.1912906,-12236,4200,9275,3880,1922,-243,545,485,71,-10
1619049041.2055252,-12264,4118,9297,3827,1897,-140,349,578,81,11
1619049041.210746,-12264,4067,9328,3803,1864,-96,256,324,-1,-48
1619049041.2204664,-12241,4063,9361,3802,1889,-169,209,43,-83,-62
1619049041.2707822,-12211,4091,9385,3810,1912,-234,247,-141,-128,-32
1619049041.4118397,-12180,4131,9402,3823,1889,-256,301,-217,-142,-19
1619049041.438324,-12146,4176,9417,3842,1902,-259,342,-270,-167,-22
1619049041.4583504,-12115,4224,9428,3867,1951,-273,418,-300,-177,-34
1619049041.4928064,-12011,4185,9495,4061,1960,-196,446,-273,88,-28
1619049041.515765,-12015,4219,9464,4088,1956,-245,435,-261,112,14
1619049041.7057595,-12032,4242,9424,4105,1953,-236,389,-12,101,1
1619049041.7162611,-12042,4230,9417,4104,1945,-193,381,59,91,-18
1619049041.9976263,-11986,4245,9472,4125,1954,-195,409,-65,-70,-16
1619049042.0566053,-11981,4256,9474,4126,1950,-215,437,-50,-60,0
1619049042.057394,-12010,4239,9461,4089,1946,-157,383,-16,19,-5
1619049042.1031485,-12006,4246,9459,4097,1946,-160,374,-66,11,-6
1619049042.2136047,-11998,4266,9452,4115,1945,-217,385,-67,7,-23
1619049042.260906,-11996,4269,9452,4120,1960,-204,393,-29,-3,-25
1619049042.2666233,-11993,4268,9453,4124,1964,-192,396,-11,-4,-30
1619049042.2906318,-11992,4267,9453,4130,1951,-183,409,-15,1,-29
1619049042.492418,-12002,4305,9419,4138,1949,-201,389,2,18,23
1619049042.533013,-12006,4308,9417,4130,1945,-191,381,10,12,18
1619049042.565371,-12022,4351,9374,4135,1973,-187,411,-36,31,5
1619049042.5654051,-12022,4351,9374,4135,1973,-187,411,-36,31,5
